,Location of death (city)
0,Willits
1,Detroit
3,Carlsbad
4,Sacramento
5,Ellenwood
6,Kinston
8,Uniontown
9,Baltimore
11,Pontiac
12,Dothan
13,Atlanta
14,Memphis
16,White Springs
17,York
18,Charlotte
19,Muscoy
20,Eastpointe
21,Virginia Beach
22,Lucasville
23,Downey
24,Mechanicsville
25,Hayes
27,Savannah
28,Salt Lake City
29,Moreno Valley
30,West Columbia
31,Bala Cynwyd
32,Philadelphia
33,Penn Hills
34,Oakland Park
35,Tampa
36,Midwest City
37,Garland
38,Clifton
40,Jackson
41,Phoenix
42,Modesto
43,Colby
44,North Tustin
45,West Bradford Township
46,Richmond
47,Reno
48,Joliet
49,Astoria
52,Cleveland
53,Kansas City
54,Sumner
55,Benton
57,Raynham
60,Columbus
61,San Antonio
62,Albuquerque
63,Waiʻanae
64,Arnold
65,Providence
66,Jersey City
67,Oakland
68,Waterford Township
69,Grand Island
70,Little
71,San Diego
73,National City
74,New Castle
77,Long Beach
78,Pompano Beach
79,Picayune
80,Southgate
82,Boca Raton
83,Harlem
84,Kingston
85,Los Angeles
86,Harrisburg
87,Ewa Beach
89,Pittsburg
90,Franklin
91,Laurel
93,Stockton
94,Queens
95,Las Vegas
96,Mather
98,Westminster
100,Pico Rivera
101,Hemet
102,Brooklyn Center
103,Colorado Springs
104,Montrose
106,Toledo
107,Commerce City
108,Miami
111,Irvington
112,Peoria
114,Meridian
115,Houston
117,Augusta
118,Hoyt
119,Montebello
120,Fresno
121,Farmersville
123,Healdsburg
124,Lake Forest
125,Layton
128,St. Louis
129,Clearwater
130,College Park
131,Thompson's Station
132,Forest Hill
136,Indianapolis
138,Wilkinsburg
139,Pagedale
140,Oklahoma City
141,Daly City
142,Chicago
144,Hiawatha
145,La Vista
147,Bronx
148,New York City
149,Santa Claus
150,Inman
151,Nashville
152,San Jose
153,Wood River
156,Salter Path
157,Santa Rosa
158,Chesnee
162,Nicholls
163,Pleasant Grove
165,Spokane
166,Pleasant Hills
168,Wentzville
169,St. Charles
170,Siren
172,Gallup
175,Chandler
176,Brooklyn Park
177,Greene
178,Avondale
180,San Bernardino
181,Holton
184,West Deptford
185,New Orleans
186,Sallisaw
187,Camp Pendleton
189,Carnegie
191,Pasadena
192,Denver
194,Williamston
195,Belton
196,Arapahoe
199,Wiggins
202,Jefferson
206,Canton
209,Edwards
210,Gridley
211,Abington
212,Jacksonville
214,Austin
215,Town Creek
216,Brooklyn
220,Howard City
221,Tallmadge
223,Milledgeville
226,Whiting
227,Andover
229,Turlock
230,Norfolk
232,Pownal
233,Gulfport
234,Thousand Oaks
235,Gillett
236,Jack
238,South Boston
240,Chattanooga
242,Windsor
243,Santa Ana
244,Gilbert
245,Trenton
246,Providence Forge
248,Seattle
249,Berkeley
250,Palm Springs
251,Altamont
252,Excelsior Springs
253,Levelland
254,Douglasville
256,Cayce
257,Anchorage
258,Cincinnati
260,Fordyce
261,Springfield
262,Madison
264,Elizabeth
265,Troy
268,Amarillo
269,East Rutherford
272,Sausalito
273,Lynwood
276,Kennesaw
277,Gray Court
278,Pawleys Island
280,Holly Springs
281,Farmington
282,Riesel
290,Cyclone
293,Havertown
296,Alameda
297,Rohnert Park
298,Concord
300,Owensville
301,Nutley
304,Aurora
306,Ft. Pierce
308,Duquesne
309,Fort Payne
310,Riverside
311,Big Bear
312,Westfield
314,Macon
315,GIbbon
316,Portland
318,Anaheim
320,Lakewood
322,Bakersfield
324,Minneapolis
325,Sapulpa
326,Broussard
327,Mount Clemens
328,Marcellus
330,North Charleston
331,Albany
332,Upper Marlboro
333,Edgefield
334,Temple Hills
339,Egg Harbor City
340,Moorpark
341,Somerville
342,Livingston
344,Waterloo
345,Spartanburg
347,Columbia
348,Fort Myers
351,Hazel Crest
352,Pittsburgh
353,Green Township
355,Fayetteville
356,Orlando
357,Stilwell
358,Marietta
362,Amsterdam-Churchill
363,Woodbury
364,Rocky Mount
366,Boynton Beach
367,Continental Divide
368,Boise
369,Baton Rouge
370,Tarpon Springs
371,Pacific Palisades
372,Hawk Point
373,Discovery Bay
376,Talladega
377,Empire
378,Dallas
379,Pleasanton
383,Clarksville
384,Turtle Creek
386,Braxton
391,Liberal
393,Corpus Christi
394,Grand Junction
395,Hardyville
397,San Francisco
400,Jim Thorpe
401,Idaho Falls
402,Carthage
403,Louisville
405,Hollywood
407,Tucson
408,Lorain
409,Bloomington
412,Churchville
413,Beebe
414,Hinesville
419,Charlack
420,Redding
421,Conroe
423,Plymouth
425,Bosque Farms
429,Berryville
435,Joplin
436,Seneca
437,Haines City
438,Berkeley Township
440,Tulsa
442,Braselton
443,Elgin
444,Glendive
446,Hart
447,Fairfield
448,Tempe
449,Oregon
450,Danville
451,Berwyn
452,Clarkesville
454,Marion
455,Killeen
457,El Paso
458,Carmichael
461,Omaha
463,Salinas
465,Dearborn
467,"West Town, Chicago"
468,Rolling Hills
472,Carson
474,Gilcrest
475,Woodland Hills
476,Towanda
480,"South Shore, Chicago"
483,Cartersville
484,Delray Beach
487,Rialto
490,Bristol
491,Lubbock
494,Graston
496,Bingham
497,Hilmar
499,Flagstaff
500,Crawfordsville
501,Wolcottville
502,Suffolk
503,Sunnyvale
504,Kinloch
506,Countryside
507,Newark
508,Topeka
510,McDonough
513,Maple Valley
514,Seymour
516,Robinsonville
519,Central
520,Rosemead
521,Gardena
523,Stanton
530,Chicago Heights
531,Oglesby
532,Clinton
534,Muskogee
535,Tishomingo
536,Prospect Heights
539,LaBelle
540,St. Petersburg
542,Austell
543,Lima
544,East St. Louis
546,Merced
547,Nipinnawasee
548,Ashley
549,Yukon
551,Huntsville
552,Lancaster
555,Watsontown
560,Hartford
561,Onsted
562,Battle Ground
563,Norwalk
566,Longmont
568,Greenville
569,North Las Vegas
573,Mount Airy
574,Benton Harbor
576,Fort Lauderdale
577,Falls Church
578,Pacoima
579,Sicklerville
581,Owings Mills
582,Union
583,Slainesville
584,Affton
585,Montgomery
588,Oak Creek
591,Rancho Cucamonga
592,Hilo
594,Menominee
595,Fairfax
597,Goodman
599,El Segundo
600,Placerville
601,Roanoke
602,Sarasota
606,Las Cruces
607,Warrenton
612,North Hollywood
614,Rogers
615,Hendersonville
616,North Augusta
617,Grovetown
618,"Grand Boulevard, Chicago"
621,Harlingen
622,Ferguson
623,Malvern
624,Manhattan
625,Inglewood
632,Whittier
634,Riverdale
635,Haughton
637,Parkesburg
638,Independence
640,Battle Creek
641,Little Rock
642,Grand Coteau
643,Rancho Cordova
644,Bellevue
653,West Dallas
657,Adrian
658,Ventura
659,Rio Rancho
660,Opelousas
662,Ambler
663,Mesa
664,Fairview
665,Williamstown
666,Ambrose
667,Honolulu
668,Shreveport
670,Lebanon
671,Terre Haute
678,Champaign
679,Ceres
680,Milwaukee
681,Watervliet
682,Corning
686,Warren
688,Pensacola
690,Potts Camp
692,North Judson
694,Crownpoint
695,Merrillville
696,Gary
697,Euclid
698,St. Joseph
702,Cripple Creek
703,Cambridge Township
706,Wrightstown
708,Hackettstown
711,Akron
713,Tomball
714,Monroe
715,Orleans
717,Mountain View
721,Santa Fe
723,Saginaw
724,Coffman
725,Lake Geneva
729,Vichy
730,Beverly Hills
731,Zebulon
733,King City
734,Monahans
737,Fairbanks
738,Pahrump
744,Borrego Springs
745,Valley Cottage
747,Fort Valley
749,Monrovia
750,Manteca
751,La Porte
752,Roxbury
757,Pleasant Ridge
760,Kent
761,Baytown
762,Portsmouth
764,Bloomingdale
766,Flint
767,Evansville
768,Birmingham
769,Costa Mesa
770,Nogales
771,Sioux City
772,Cahokia
774,Pine Valley
776,Edina
777,Owensboro
778,Bethesda
779,Camp Hill
780,Santa Clarita
781,
782,Lena
783,Marina Del Rey
785,St. Paul
786,Ankeny
787,Tallulah
790,Wayne
792,Creve Coeur
796,Belleville
798,Syracuse
800,Hayward
803,East Windsor
805,Sylmar
806,Lexington
807,Ontario
808,Huntington Park
809,Dale
812,Sayre
817,Decatur
818,Encino
819,Altus
820,La Habra
821,Landes
822,Grasonville
826,Cedar Rapids
827,Redwood City
828,Essex
830,South River
831,Bexley
833,Ypsilanti
834,Union Gap
839,Corona
840,Dorchester
841,Paris
842,Mantua
845,Huffman
847,Ketchikan
849,Bossier City
851,Renton
854,Eden
856,Bay Village
857,D'Iberville
858,Rochester
861,Barberton
863,Jonesborough
864,Lake Oswego
867,Palmer
868,Strawberry Plains
869,Oxnard
871,Citronelle
875,Sherwood
876,Anniston
877,Orange
880,West Seattle
882,Dayton
883,Charlottesville
884,Harwood
889,Athens
891,Rockaway Beach
893,Paterson
894,Mauldin
895,Croydon
896,Spotsylvania
897,Success
898,San Rafael
899,Santa Paula
900,Woodland Park
902,Needles
903,Bolivar
904,Ligonier
905,Jennings
908,Escondido
911,Prescott
914,Tacoma
918,West Branch
922,Winchester
923,Gainesville
926,Natchez
927,Capitola
928,Kutztown
929,Hixson
930,Cozad
932,Benoit
933,Youngstown
936,Vernalis
939,Oneida
940,Odessa
942,Knoxville
943,Kirkersville
945,Fountain Valley
947,Oceanside
948,Ionia
950,Richland
953,Gallatin
954,Kremmling
958,Ardmore
959,Valley Glen
962,Cape Girardeau
963,Westland
965,Katy
970,Walnut Creek
975,Hornell
978,Chula Vista
980,Floyd
985,Winter Haven
986,Kelso
987,Alton
988,Clinton Township
990,Wichita
996,Corinth
1000,Alhambra
1001,Warrensville Heights
1008,Lakeland
1013,Lindenwold
1014,Englewood
1017,Industry
1018,Gentry
1019,Seminole
1021,Lincoln
1022,Reedsburg
1024,Elm Creek
1028,Sells
1033,Preston
1034,Sterling
1036,Cayucos
1037,Dover
1041,Dunkirk
1042,Rockford
1043,Ringwood
1048,South Bend
1056,Alpharetta
1057,Scarborough
1058,Durand
1060,Ponchatoula
1062,Buena Park
1063,Weir
1065,Ridge
1066,Shelby Township
1067,Hackensack
1068,San Dimas
1069,Vassar
1070,Hydro
1071,Bay City
1072,Port Hadlock
1074,Carbondale
1076,Edmond
1077,Franklin Township
1078,Frankfort
1079,Bryan
1080,Highland
1081,Oxford
1084,Spencer
1085,Pink
1086,West Chester
1088,Fridley
1096,Bellflower
1098,Boston
1106,Cowpens
1109,Spanish Fort
1110,Bullhead City
1111,Goose Creek
1112,East Petersburg
1116,Kearny
1117,Lawton
1118,Pearland
1119,Yorba Linda
1121,Vallejo
1122,Moriarty
1125,Dana Point
1127,Harvey
1131,Stuart
1132,Collingswood
1134,Van Nuys
1135,Palestine
1136,Bossier CIty
1139,Goshen
1140,Waipahu
1145,Mesquite
1147,St. Augustine
1148,Mobile
1149,Apache Junction
1150,Portage
1151,Millington
1153,Garden Grove
1155,Kentwood
1159,Bay St. Louis
1160,Hallsville
1161,Iowa City
1165,Pine Bluff
1166,San Luis Obispo
1169,Bogue Chitto
1171,Whitehall
1172,Puyallup
1174,West Pelzer
1181,Huntington Beach
1182,Fallbrook
1183,Nampa
1186,Garfield
1187,Vacaville
1192,Walker
1193,Machesney Park
1194,Central City
1195,Calabasas
1196,Virginia City
1200,Netcong
1201,Bladenboro
1202,Hot Springs
1204,Hawthorne
1206,Welch
1208,North Bay Village
1210,Collinsville
1212,Cupertino
1216,Perry
1217,Washington
1218,High Point
1219,Maysville
1220,Statesboro
1221,Angleton
1222,El Cajon
1226,Pascagoula
1228,Buchanan
1229,Citrus Heights
1230,Northridge
1231,Glendale
1233,Fort Wayne
1235,Lapeer
1236,Kimball
1238,Brewster
1239,Bozeman
1240,Duluth
1241,Uniondale
1243,Wathena
1244,Midlothian
1245,LaSalle
1252,Ocean Springs
1258,Vista
1260,Paradise Valley
1261,Edgewood
1262,Wahiawa
1266,Vernon
1269,Deane
1271,Swainsboro
1273,Reeds Spring
1275,St. Helens
1276,McKinney
1277,Lindenhurst
1281,Arlington
1286,Cottonwood
1288,Zion
1292,St. Pauls
1293,Waukesha
1294,Freeport
1297,Diamond
1300,Morgantown
1302,Killingly
1303,Fremont
1307,Fargo
1313,Hillside
1314,Henderson
1316,Simi Valley
1317,Princeton
1318,Gresham
1321,Manchester
1322,Norman
1328,Santa Cruz
1330,Missouri Valley
1331,Chouteau
1332,Elk City
1334,Dundalk
1335,Hamilton Township
1336,Jefferson City
1337,Beaverton
1339,Donelson
1340,Cecilia
1341,Bonduel
1342,Warsaw
1343,Sparks
1344,Owasso
1345,Elkhart
1347,New Tripoli
1350,Stone Mountain
1351,Seaside
1354,Tanner
1356,Saltillo
1357,Tupelo
1361,Birch Bay
1368,Charleston
1369,Pawhuska
1370,Brandon
1371,Dunnellon
1377,Nottingham
1378,DeWitt
1380,West Palm Beach
1387,Avon
1388,Asheville
1390,Perry Hall
1392,West Hollywood
1396,Cherry Hill
1399,Miracle
1402,Palmdale
1406,Florence
1407,South Haven
1410,Stirling City
1411,Almond
1417,Hampton
1418,Pembroke Pines
1420,North Little Rock
1426,Washington Terrace
1427,North Miami Beach
1428,Asheboro
1429,Imperial Beach
1433,Hanford
1435,Ryan
1439,Chaska
1441,Perris
1442,Gorst
1445,Texas City
1447,Norcross
1449,Council Bluffs
1451,Antioch
1456,De Soto
1458,Greenwood
1460,Pontoon Beach
1471,Romoland
1472,Canoga Park
1474,Chesapeake
1482,Blountville
1483,Warner Robins
1484,Paramount
1488,San Clemente
1490,Stevenson Ranch
1496,Levittown
1499,Florissant
1500,Holiday
1501,Jones
1507,Newman
1511,Maricopa
1512,Brazil
1514,Meadow Lakes
1518,Copley
1519,Gilroy
1522,Clayton
1523,Lawndale
1526,Sonoma
1528,Aspen
1529,Des Moines
1533,Central Islip
1539,South Lake Tahoe
1541,Byram
1544,Humble
1545,Williston
1548,Tumwater
1549,Addis
1554,West Norriton
1557,Allentown
1558,Martinez
1564,Toccoa
1565,Aldie
1566,Lowell
1567,Bowie
1570,Vinita
1571,City of Industry
1573,Ironwood
1574,Espanola
1580,Hamersville
1582,Heathsville
1585,Lake Los Angeles
1586,Rosamond
1589,Idaho City
1593,Cameron Park
1598,Mineral
1601,Elk Grove
1602,Mountain Top
1604,Granite City
1605,El Monte
1606,Camden
1608,Gillette
1609,Red Rock
1610,Lafayette
1612,Petaluma
1619,Descanso
1621,Brooklawn
1622,Goodland
1623,Marshalltown
1631,Dolton
1634,Ruddock
1636,Roan Mountain
1637,Aloha
1638,Deerfield Beach
1639,West Covina
1640,Diamond Bar
1645,Litchfield
1647,Eagar
1649,Cookeville
1657,Waukena
1659,Coeur D'Alene
1660,Upper Black Eddy
1661,Compton
1663,Los Lunas
1664,South Gate
1665,Crescent City
1666,Caro
1671,Wauwatosa
1672,Hamilton
1683,Maywood
1695,Chanhassen
1698,Kealakekua
1700,West Brattleboro
1701,Tennille
1702,Junction City
1705,Lacey
1707,Muskegon Heights
1708,Carson City
1709,Lodi
1714,Azusa
1715,Williamsburg
1721,Carol Stream
1724,Milton
1727,Waukegan
1728,Houma
1731,Florien
1732,Jena
1734,Las Animas
1737,Del Valle
1739,SeaTac
1741,Vance
1742,Newport News
1743,War
1744,Pahoa
1748,Indianola
1749,Holt
1754,Ailey
1762,Angola
1763,Chatham
1765,McAlester
1766,Masontown
1767,Sandia Park
1768,Spokane Valley
1769,Auburn
1771,Tyler
1773,Ahwatukee
1775,Sikeston
1778,Corbin
1779,Lake Worth
1780,Lutherville
1782,Mendota
1783,Fallsburg
1784,Waikoloa Village
1786,Great Bend
1790,Cloquet
1792,Hatfield
1793,Hialeah
1795,Delavan
1796,Rio Grande
1803,Parkville
1804,Venice
1805,Imlay City
1808,Horn Lake
1811,Plainfield
1812,Orem
1813,Bountiful
1814,Fontana
1815,Alexandria
1817,Gibsonburg
1818,Myrtle Beach
1822,Vancleave
1825,Chico
1826,Prince George
1827,Naperville
1828,Orange Park
1834,Grandview
1836,Nelson
1838,Porterville
1839,Partlow
1840,Mission Hills
1844,Midvale
1847,Chesterfield
1849,Indio
1851,Morehead
1860,Kurtistown
1861,New Vienna
1864,New Caney
1867,Grenada
1873,Crown Point
1875,Cuyahoga Falls
1880,Mayfair
1881,Madera
1886,Big Rapids
1891,Hoover
1895,Northglenn
1896,Joppa
1901,Mill Creek
1902,Ringgold
1903,Anderson
1905,Newport Beach
1906,Honey Brook
1910,Scottdale
1912,Robbins
1913,Groveland
1915,Chester
1919,Urbandale
1925,Spring Valley
1926,Bone Lake
1929,Lemoore
1930,Bernards
1938,Mohave Valley
1941,Maryland City
1944,Waterbury
1946,Parma Heights
1949,Pauma Valley
1953,Elverta
1955,Deason
1956,Bay
1957,Morrisville
1958,Egg Harbor
1959,Pekin
1962,Yucca Valley
1964,Cheboygan
1965,Huntington
1966,Pottstown
1967,East Orange
1972,Tryon
1973,Brooksville
1976,Largo
1978,Spade
1980,Maryville
1982,Roseland
1983,Melbourne
1984,West Des Moines
1985,Palo Alto
1988,Crossville
1991,Calvin
1992,Niles
1994,Highland Park
1996,Santa Clara
1997,Sharon Springs
1998,Olathe
2000,Hilliard
2002,Lake Station
2004,Normal
2006,Richfield
2008,Fall River
2012,Cosby
2016,Tompkinsville
2017,Monona
2018,Miami Gardens
2019,Sandy Springs
2020,Christiansburg
2021,Crystal City
2025,Biloxi
2031,Toms River
2037,El Dorado
2047,San Pedro
2049,Bangor
2050,Fort Smith
2055,Quanah
2057,Bloomfield
2059,North Platte
2062,Flemingsburg
2063,Waynesville
2064,Bellport
2070,Celebration
2072,Martin
2074,Staten Island
2076,Aiea
2077,White Settlement
2079,Montclair
2085,Ballwin
2086,Fredericksburg
2090,Castaic
2096,Greeley
2097,Holland
2100,Charlton
2104,Robinson
2105,Fitzgerald
2109,Bunker Hill
2112,Riverview
2113,Chamblee
2115,Wingate
2118,Brentwood
2121,League City
2122,Greensboro
2123,Tallahassee
2126,Troy Mills
2127,Hazel Park
2128,Colon
2131,Jeffersonville
2133,Kirkwood
2134,Loma Linda
2135,Rio Linda
2137,Oak Vale
2140,Visalia
2143,Newton
2145,Riverhead
2146,Pueblo
2150,Michigan City
2151,Yorktown
2152,Henrico
2153,Winnetka
2155,Pollock Pines
2159,Zephyrhills
2168,Auberry
2172,Joaquin
2174,Lincoln Park
2186,Parkland
2189,New Berlin
2191,American Canyon
2194,Arabi
2195,Broken Arrow
2196,Coalwood
2197,Port Allen
2200,Ririe
2204,Chatsworth
2205,Keshena
2206,Mojave
2211,Boyertown
2213,Inverness
2215,Kaltag
2218,Johnstown
2221,Brainerd
2225,Drakesboro
2226,Bethlehem
2232,Russellville
2235,Oak Harbor
2237,Galesburg
2239,Summersville
2240,Daleville
2242,Casa Grande
2243,Tarzana
2244,La Crosse
2245,Shawano
2247,Lake Charles
2249,Big Rock
2250,Walterboro
2251,Weston
2255,Hilton Head Island
2257,Villa Rica
2258,Storm Lake
2261,Rogersville
2266,Blair
2267,Manor
2270,San Joaquin
2271,Parma
2274,Port Orchard
2277,San Fernando
2279,Hesperia
2281,East Point
2282,Rolling Meadows
2284,Golden
2287,Utica
2288,Denton
2295,Welsh
2296,Seaman
2297,Green Bay
2301,Schenectady
2302,Hopewell
2304,Garden City
2305,Elderwood
2306,Muncy
2308,Oldsmar
2309,Buckhead
2310,Marengo
2312,Cambridge
2313,Valparaiso
2314,Garnerville
2315,Crestline
2316,Westchase
2318,Laingsburg
2323,Metairie
2325,Upland
2327,Centreville
2330,Galveston
2332,Clarksdale
2333,Mendham
2337,San Angelo
2338,Ebro
2339,New Britain
2341,Harriman
2342,Kissimmee
2343,Hillsboro
2344,Medicine Lodge
2350,Peachtree City
2352,Pomeroy
2360,Blackduck
2361,Ramona
2362,Willard
2363,Banning
2367,Lake Isabella
2376,Goodlettsville
2384,Phenix City
2385,Sierra Madre
2387,Senatobia
2388,Massillon
2390,Provo
2397,Hattiesburg
2402,Sugar Land
2403,Roanoke Rapids
2406,Mission Valley
2407,Delaware
2411,Clearlake
2412,Tucker
2417,Harper Woods
2421,Leicester
2425,Mustang
2429,Randolph
2430,Shawnee
2432,Foster City
2434,Broomfield
2437,Everett
2441,Rock Hill
2444,Orange City
2448,Pomona
2450,Point Marion
2451,Hudson
2452,Hastings
2458,Carrollton
2460,Boyle Heights
2463,Folsom
2464,Wilmington
2465,Afton
2470,Garner
2471,Perryman
2472,Hillsborough Township
2474,Trilby
2476,Daytona Beach
2483,Oakley
2484,East Peoria
2485,South Richmond
2488,Sturtevant
2497,West Haven
2498,Brodnax
2500,Palm Harbor
2502,Currie
2505,Novato
2506,West Alexandria
2507,New London
2508,Radcliffe
2510,Coldwater
2516,Roswell
2517,Flomaton
2519,Rosemount
2521,Kaneohe
2526,Genoa Township
2527,Fort Collins
2532,Park Ridge
2535,Lusk
2537,King of Prussia
2541,West Manchester Township
2546,Rochester.
2548,Gadsden
2549,Galloway
2550,Vanport
2551,Walls
2554,Brownstown
2556,Spring Hill
2557,Minong
2560,Laguna Beach
2561,Kewa Pueblo
2563,Terra Bella
2564,Fraser
2565,Vicksburg
2567,Apple Valley
2569,Eaton Rapids
2570,Cassopolis
2574,Smyrna
2575,Evans
2576,San Marcos
2582,Bowman
2584,Westlake
2585,O'Fallon
2587,Burlingame
2592,Arroyo Grande
2593,Ferndale
2594,Dora
2596,Olympia
2598,Bluffton
2599,Red Bluff
2601,Dimondale
2602,Lake City
2605,Grand Rapids
2609,Apopka
2610,Woodinville
2616,Burnside Township
2628,Corcoran
2629,Seward
2635,Eldon
2636,Scranton
2637,Coopersville
2638,Littlerock
2644,Reseda
2650,Lake Placid
2651,Selma
2660,Chino Hills
2661,Seal Beach
2663,Artesia
2665,Sun Prairie
2668,Homestead
2671,Lompoc
2673,Heidelberg
2680,Leavenworth
2681,Elsberry
2685,Bellaire
2687,Le Mars
2688,Trimble
2690,Chula
2694,Emporia
2695,Wantage
2699,Pinellas Park
2700,San Gabriel
2701,Exmore
2705,Metter
2711,Leighton
2715,Saucier
2718,Cushing
2721,Cheyenne
2723,Upper Tyrone Township
2724,Lansing
2726,New Iberia
2731,Palos Hills
2734,Yakima
2742,Desert Hot Springs
2745,Franklinton
2746,Great Falls
2747,Parkton
2749,Roland
2752,Buford
2766,Forest Park
2772,Hermanville
2777,Forest Grove
2778,Winton
2779,Burbank
2781,New Post
2782,Piscataway
2783,Roseville
2784,South El Monte
2789,Stone Park
2792,Alpine
2795,Allenton
2796,Brighton
2797,Richmond Hill
2798,Price
2803,Glen St. Mary
2805,Claremont
2810,Normandy
2813,Creswell
2816,Poolesville
2817,Childersburg
2821,Kenner
2823,Middleboro
2826,La Quinta
2832,Little River
2834,Gurnee
2835,Underwood
2849,DeKalb
2850,Dixmoor
2851,Shorewood
2853,West Orange
2857,Accomac
2858,Ironton
2859,Chillicothe
2869,Otis Orchards
2871,Verona
2873,Taft
2874,Lockport
2875,Frazier Park
2878,Nags Head
2880,Davenport
2881,Flour Bluff
2882,Denham Springs
2885,Lukeville
2891,Graham
2892,Santee
2896,Arcata
2923,Miami Beach
2926,Deale
2933,Lorton
2936,McDonald
2937,Morristown
2943,Trumbull
2944,Albrightsville
2945,Petersburg
2947,Acton
2951,Ukiah
2955,Delhi
2956,Beaumont
2959,Rapid City
2969,Tulare
2975,Theodore
2982,Raymer
2983,Holtville
2991,Onalaska
2992,Shoreline
2994,Portola Valley
2998,Murfreesboro
3000,Ellisville
3001,Malibu
3005,North Fort Myers
3006,Traver
3009,Holly
3011,Scottsdale
3016,Amory
3021,Fox Lake
3025,Ohatchee
3032,Arcadia
3040,Mission
3044,Ravenel
3046,South Charleston
3050,Victorville
3052,Belvidere
3054,Valley Center
3055,Social Circle
3063,Glen Burnie
3066,Mamou
3073,Boone
3082,Bushnell
3083,Covington
3084,The Pinery
3085,Webb
3086,Boones Mill
3088,Del City
3092,Mendon
3093,New Franklin
3095,Torrance
3097,Yates Center
3100,Hazleton
3102,Blakeslee
3103,Gig Harbor
3105,Morris
3126,Poland
3128,Fort Lawn
3137,Herriman
3146,Robbinsdale
3154,Julian
3155,Chickasha
3157,Monson
3160,Stewartville
3164,Twentynine Palms
3165,Bethany
3167,South Tucson
3169,Forest Acres
3180,Washington Township
3181,Ripon
3185,Grand Isle
3186,Fenton
3191,Tuscola
3193,Frederick
3194,Calhoun
3195,Pell City
3198,Simpsonville
3200,Prestonsburg
3206,St. Ignace
3210,Dubuque
3211,Beaver Falls
3212,Van Wert
3214,Halethorpe
3215,Madisonville
3217,Ensley
3219,Thousand Palms
3221,Magnolia
3224,River Ridge
3225,Highland Charter Township
3227,Derry
3229,Walnut Ridge
3234,Des Plaines
3236,Batesburg
3243,Prosperity
3245,Herrin
3246,Thornton
3250,Escalon
3251,Irvine
3254,Glenwood
3257,Liberty
3262,Paso Robles
3263,Lufkin
3264,Snohomish
3265,St. Robert
3266,Meeker
3267,Greenfield
3274,Vergennes
3281,Genesee
3283,Eldorado
3288,Roscoe
3289,Geyserville
3292,Elkins
3293,Sloan
3295,South Roxana
3298,Corte Madera
3299,Roslyn Heights
3302,Peach Orchard
3303,Bridgeton
3304,Union City
3306,Mead Valley
3309,Falls Mill
3311,LaFayette
3312,Palm Beach Gardens
3316,Chester Heights
3320,Turtle Lake
3321,Kodak
3322,Seale
3323,Eufaula
3324,Bellmawr
3326,Durham
3329,River Rouge
3330,Kapolei
3342,Middle River
3345,Wake Village
3346,Lillington
3351,Mayfield Heights
3352,Minden
3353,Easley
3354,Pleasant Township
3362,Yucaipa
3363,Globe
3368,Bismarck
3383,Stow
3384,Sheridan
3385,Uintah-Ouray Reservation
3386,near Park City
3390,Rubidoux
3391,Sloughhouse
3392,Lewisburg
3395,Barnwell
3397,Nome
3401,Dearborn Heights
3405,San Ramon
3409,Asher
3410,Ocean Township
3414,Lithonia
3415,Berea
3420,Templeton
3421,Paden
3422,Winona
3424,Hutchinson
3428,Muskegon
3429,Mocanaqua
3438,Lawrence
3439,Stanardsville
3440,Camarillo
3444,Cabot
3446,Coralville
3449,Lake Township
3450,Carterville
3451,Quartzsite
3454,Bradenton
3458,Baldwin Park
3464,Lacey's Spring
3470,Haslett
3472,Rayne
3475,Wainwright
3476,Raton
3477,Pineville
3479,Bedford
3481,Dry Ridge
3486,Sac City
3487,Raytown
3490,McCordsville
3491,Port Angeles
3500,Shingletown
3503,North Hills
3505,Dyersburg
3506,Lucerne Valley
3510,Opelika
3513,Feather Falls
3515,South Congaree
3517,Baxter
3518,Franklin Square
3520,Indian Rocks Beach
3522,Harbor City
3524,Spearville
3531,Glamis
3535,Iva
3540,Grandy
3541,Powder Springs
3542,Janesville
3545,Park Rapids
3548,Lasalle
3550,West Richland
3553,Locust Grove
3556,Brookhaven
3561,Vero Beach
3568,Kenosha
3570,Lindsay
3575,Amite City
3580,Woodlawn
3590,Green Lake
3591,Culver City
3592,South Sioux City
3593,Amesbury
3595,Sulphur
3597,Ojai
3599,Rocky River
3607,Elizabeth City
3608,Wright
3611,Kilgore
3613,Cicero
3618,Millersville
3621,Waianae
3624,Peculiar
3629,Rising Sun
3630,Vinemont
3642,Muncie
3647,Mitchell
3648,Bastrop
3650,Strathmore
3662,Jonesboro
3668,Baker
3673,Fort Greene
3679,West Chicago
3680,Ottawa
3681,Wallace
3682,Martinsville
3683,New Albany
3686,New Brighton
3692,Leesville
3698,Coyle
3699,South Hill
3701,East Cleveland
3703,Castro Valley
3711,Barrington
3718,Ephrata
3719,Dorrance
3726,Davie
3727,Southfield
3734,Byron Center
3735,Traverse City
3736,Gibson
3738,Munster
3743,Nashport
3746,Wadena
3748,Mulkeytown
3750,Wyoming
3754,Washburn
3761,Mishawaka
3768,Hodgenville
3777,Mohawk
3778,Zanesville
3780,Port Orange
3782,Kempton
3783,Sumter
3789,El Centro
3791,Adolphus
3794,Vineland
3796,Willoughby Hills
3797,Troutman
3809,Basehor
3817,Butler
3819,Ogden
3820,Butner
3822,Jeanerette
3826,Hempstead
3829,Sunrise
3833,Conway
3834,Rainsville
3835,Lilburn
3837,Wetumpka
3839,Jenkins
3847,Hammondville
3848,Maywood Park
3855,Banks Crossing
3859,Maplewood
3861,Elk Mountain
3863,Colton
3873,Town 'N' Country
3874,La Mesa
3875,Coaldale
3877,Paia
3884,Rocklin
3888,Zachary
3892,Fergus Falls
3899,Muscatine
3903,Beaufort
3906,Sun Valley
3909,Southampton
3910,Clyde
3917,Chino
3922,Salem
3924,Port Deposit
3925,Atlantic City
3929,East Alton
3933,Marlow
3934,Rileyville
3937,Kailua-Kona
3938,Torrington
3940,Harrogate
3943,Thermal
3946,Bedford Heights
3951,Wernersville
3953,Onondaga Township
3957,St. Martinville
3959,Midland
3961,Silverdale
3969,Santa Monica
3980,Kihei
3983,Bolingbrook
3985,Sandy
3986,Malakoff
3992,Louisburg
3994,Romayor
3996,East Flat Rock
4003,Ramsey
4005,Ottawa Lake
4012,Raleigh
4017,Cherokee
4019,Lenoir City
4020,Nacogdoches
4023,Middletown
4026,Monument
4035,Myersville
4040,Coconut Creek
4044,Friona
4049,Marksville
4050,Arbutus
4053,Dunwoody
4056,Marysville
4059,Gold Hill
4063,Rolling Prairie
4064,Bonifay
4065,Sumrall
4066,Axton
4067,Centertown
4080,Sequim
4083,Rome
4087,San Jacinto
4091,Woonsocket
4093,Opa-Locka
4094,Manheim
4095,Belding
4099,Andalusia
4102,Daisetta
4105,Bassfield
4109,Irrigon
4111,New Hope
4112,Stanford
4113,Stroudsburg
4117,Acworth
4119,Bristow
4125,Riverton
4128,Wikieup
4129,Shasta Lake
4130,Monroeville
4133,Bartlesville
4136,Oakdale
4140,Oshkosh
4141,Seffner
4145,Falfurrias
4147,Sunol
4150,Washington Grove
4151,Sharonville
4153,Warwick
4156,Stover
4157,Elamville
4160,Hillsdale
4165,Zion Grove
4167,Pecatonica
4172,Brownsville
4174,Levering
4176,Tukwila
4180,New Holland
4191,Coos Bay
4198,Wrightsville
4199,Geneva
4200,Ketchum
4203,Logansport
4206,Scott
4208,Port Hueneme
4209,Parlier
4212,Platte City
4214,Crownsville
4215,Glen Allen
4221,Lawrenceville
4222,Reidsville
4227,Interlochen
4232,Rock Springs
4234,Wyandanch
4241,Hebron
4243,Waynesboro
4244,Oxon Hill-Glassmanor
4245,Golden Valley
4250,Bridge City
4254,Reading
4262,Woodland
4265,Swartz Creek
4267,Bryson City
4269,Midland Township
4274,Hacienda Heights
4278,Morrow
4281,Statesville
4282,Silverado
4286,Kerrville
4288,Coarsegold
4289,Cayo Costa
4290,Pawnee
4297,Live Oak
4298,Piper City
4300,White Hall
4301,Rosebud
4302,Rathdrum
4303,Grand Prairie
4304,Mequon
4309,Dinuba
4311,Foxboro
4313,Kingdom City
4315,Nazareth
4322,DeQuincy
4323,Charenton
4327,Elizabethton
4333,Wheeling
4336,Converse
4342,Destin
4343,Bell
4345,Acampo
4348,Dixon
4349,Bishopville
4350,Ocala
4352,Burlington
4355,Bay Point
4358,Mont Clare
4359,Cranford
4361,Jay
4368,Westville
4370,Gonzales
4377,Schurz
4378,Babylon
4382,Adel
4403,Ibex Pass
4404,Cudahy
4408,Harrison
4410,Reynoldsburg
4416,Naubinway
4430,Spring
4435,Woodstock
4436,Olmsted Falls
4441,Luther
4450,Upper Darby
4451,Hammond
4455,Mays Landing
4456,Delano
4470,Perth Amboy
4475,Dolan Springs
4480,Ferriday
4482,Dalton
4490,Loveland
4495,New River
4505,Macomb
4506,Happy Valley
4509,Orland Park
4510,Sea Isle City
4516,Delta Junction
4527,Grant
4532,Fort Worth
4533,East Pennsboro Township
4534,Gaylord
4538,Edisto Island
4543,Riegelsville
4546,Galena
4547,Wildwood
4554,Chimayo
4555,Titusville
4556,Aspen Hill
4560,Avoca
4564,Payson
4566,Orangeburg
4569,Imlay
4570,Bridgeport
4574,Norwood
4577,Kalamazoo
4581,South Hackensack
4584,Middleton
4586,Hollister
4592,Hoboken
4595,Blue Island
4597,Flemington
4600,Aylett
4606,Fennville
4607,Budd Lake
4617,Suquamish
4619,Potomac
4621,London
4624,Sierra Vista
4633,Sparta
4639,Pontotoc
4647,Burnham
4650,West Perrine
4652,Colonial Heights
4653,New Cambria
4654,Lake Havasu City
4656,Belle Plaine
4657,Oak Park
4658,Edgewater
4659,Florala
4662,Rockville
4664,Woodbridge
4671,LaGrange
4672,Evanston
4674,Lovelady
4681,Loganville
4684,Fenwick
4685,Elyria
4689,Garberville
4693,New Haven
4699,Brawley
4700,Rush
4701,East Pittsburgh
4705,Sebastopol
4707,Stevenson
4713,Wellington
4715,Crystal Lake
4719,Shelby
4724,Stratford
4733,Ilion
4734,Hartland
4735,Cloverdale
4743,Eureka
4752,Sutherland
4759,Oktaha
4761,Sugarloaf
4763,Oswego
4768,Woodhull Township
4771,Kingman
4772,Lake Elsinore
4773,Bellingham
4774,Davis
4780,Milan
4787,Alabaster
4790,Cloudcroft
4791,Lombard
4794,Heber City
4799,Waynesburg
4802,Lizella
4804,Cutler
4805,Placentia
4816,Beauford
4817,Glen Lyon
4818,Tomah
4827,Mira Loma
4828,Naples
4829,Hayden
4835,Crumrod
4837,Schaghticoke
4841,Macedonia
4842,Newington
4846,Nuevo
4849,Pacifica
4850,West Asheville
4858,East Chicago
4862,St Albans
4865,Temple
4868,Taylorsville
4869,Ringtown
4875,Frisco City
4881,Ashland
4883,Passaic
4886,Owens Cross Roads
4889,Chatham Township
4892,Blacksburg
4896,Hobbs
4901,Elkridge
4905,Brimfield
4909,Anahuac
4913,Goodyear Heights
4917,Port St. Lucie
4927,Sanger
4930,Poteet
4933,Mt. Holly
4937,North Bergen
4941,Farmers Branch
4947,Cuba City
4948,Mission Viejo
4949,Philpot
4950,Deepwater
4957,Northport
4958,Hughes Springs
4962,Midway City
4966,Plano
4968,McIntosh
4976,Pelican
4983,Leesburg
4985,Puryear
4989,Curlew
4998,Calumet City
5001,Rio Rico
5003,Toronto
5010,Ecorse
5013,Finley
5018,Frontenac
5023,Anthem
5025,Napoleonville
5026,Vincennes
5035,Deland
5039,Belmont
5046,Bremen
5047,Grass Valley
5054,West Allis
5057,Park Hills
5060,Woodbine
5062,Scappoose
5067,Edison
5072,Sunbury
5074,Drums
5076,Lynnwood
5078,Hobe Sound
5080,Pikeville
5083,Shelton
5085,Tomahawk
5086,House Springs
5088,White Marsh
5092,Bell Gardens
5097,Indiana
5098,Santa Barbara
5100,Union Beach
5103,Purvis
5104,Easton
5105,Caseyville
5106,Castleberry
5109,Blackey
5119,Westwego
5133,South San Francisco
5136,Hephzibah
5144,Beeville
5154,Murray
5156,Martinsburg
5157,Brownwood
5160,Desert Center
5162,Phelps
5163,Lagunitas-Forest Knolls
5164,Wichita Falls
5166,Randleman
5169,Missoula
5173,Tuscaloosa
5176,Gahanna
5178,Phoenixville
5180,Roy
5182,Belle Vernon
5188,North Bellport
5192,Cyril
5200,Buena Vista
5204,Columbia Heights
5211,Salida
5215,Saranac
5220,McCook
5222,Mandeville
5223,Mountain Brook
5225,Conyers
5233,Tow
5234,Branson
5235,Vancouver
5237,Bradley Beach
5239,Mountain Center
5245,Cedar Hill
5249,Medford
5250,Ajo
5257,Junction
5259,Riviera Beach
5268,Mahnomen
5275,Mililani
5279,North Branch Township
5282,Lakeside
5287,Roseburg
5298,Tualatin
5299,Tustin
5302,Sugar Hill
5304,Sinking Spring
5305,Gwynn Oak
5306,Southaven
5313,Bailey Springs
5324,North San Jose
5334,Worthington
5339,Edmonton
5340,Quincy
5342,Shelbyville
5343,San Pablo
5345,Ledbetter
5347,Bowdoin
5351,Slidell
5353,Casper
5356,Richardson
5357,Maumee
5358,Sunset Hills
5363,Andrews
5364,Chiriaco Summit
5369,Snoqualmie
5372,Cave Spring
5374,West Park
5381,Palatka
5385,Waco
5386,Quakertown
5387,Savoy
5389,Amherst
5393,Norristown
5400,Elberfeld
5403,Varnell
5405,Lake Mary
5407,Big Sandy
5409,Glasford
5411,Billings
5419,Commerce
5420,Altavista
5421,Hewitt
5434,Wadsworth
5438,Braithwaite
5443,Lochbuie
5444,North Pole
5448,Emeryville
5450,Butte
5453,West Valley City
5454,Big Stone Gap
5456,Loachapoka
5466,Euless
5475,Gaffney
5484,Crafton
5489,Edinburgh
5492,Altoona
5494,San Mateo
5495,Karnack
5496,Maud
5503,Center Street
5504,Nevada
5507,Rossburg
5511,West Milton
5512,Bloomfield Township
5517,Webster
5519,Royersford
5520,Horse Cave
5531,Covina
5535,Crater Lake
5542,Bogart
5548,Allen
5549,Los Gatos
5558,Columbiaville
5565,Celina
5569,Elmira
5574,Pine Lake
5577,Seaford
5578,Dublin
5586,Lincoln Acres
5590,Arden Hills
5592,Coventry
5593,Rensselaer
5594,Bellvue
5595,Lumpkin
5599,Duncanville
5604,Newburg
5611,Elephant Butte
5614,Coal Township
5621,Laurelville
5622,Villa Park
5631,Newberry Springs
5635,Loves Park
5637,Watertown Township
5640,Algiers
5642,McAllen
5645,Georgetown
5650,Williamson
5654,Texarkana
5656,Soledad
5662,Campbell
5664,East Rancho Dominguez
5665,Longview
5666,High Springs
5670,Atlantic
5685,North Carrollton
5688,Lost Hills
5689,McHenry
5694,Homeland
5697,Concordia
5705,Brethren
5711,Yuma
5716,Atwood
5720,Moorhead
5722,Boulder City
5731,Climax
5732,Redkey
5755,Windermere
5759,Lonedell
5761,Dunlap
5762,Port Arthur
5764,Atwater
5771,Wilmot
5776,Tuscumbia
5777,Rea
5782,San Leandro
5787,Birds Landing
5789,Cut Bank
5793,Hopland
5801,Burien
5805,Anoka
5806,McFarland
5808,Henrietta
5810,Copley Township
5811,Siloam Springs
5812,West Jordan
5815,Gray
5820,Bettendorf
5822,Arnaudville
5825,Ste. Genevieve
5828,Fitchburg
5829,Blythe
5834,Weeki Wachee
5836,Durango
5837,Redmond
5839,Willingboro
5840,Van Buren
5843,Lititz
5848,Duncannon
5849,Ellwood City
5854,Websterville
5855,Perryville
5857,Staunton
5860,Campobello
5862,Rancho Bernardo
5863,Moline
5864,Duson
5867,Buckeystown
5869,Abilene
5874,Cullowhee
5876,Stafford
5877,Clarkston
5882,Brunswick
5885,Greely
5888,Federal Way
5889,Dardenne Prairie
5891,Albertville
5895,Derby
5897,Odenton
5898,Nitro
5899,West Hartford
5902,Mexia
5905,Corvallis
5911,Monticello
5912,St. Peter
5916,Dewhurst
5919,Oberlin
5921,Coatesville
5926,Amber
5927,Mt. Pleasant
5929,Redlands
5931,Sylvester
5933,Stateline
5937,Overton
5938,Plantersville
5945,West Tawakoni
5955,LeMars
5958,Willis
5961,Palmyra
5962,Aransas Pass
5966,Damascus
5971,College Station
5972,Emden
5980,Eatontown
5981,San Miguel
5982,Yountville
5985,Linden
5987,Hardeeville
5990,Pikesville
5992,Grundy Center
5994,Friendswood
5996,La Follette
5997,Kearney
5999,Forney
6006,Society Hill
6008,San Diego-Tijuana
6009,Los Altos
6016,Berlin
6024,Binghamton
6027,Yonkers
6029,Oshtemo Township
6042,Churubusco
6046,Dunedin
6051,Forsyth
6053,Longwood
6054,Wilkes-Barre
6055,Alma
6056,Escobares
6057,Winnebago Township
6059,Ravenna
6061,Worthington Springs
6071,Marshallville
6076,Clarion
6087,Fair Oaks
6093,Hays
6096,Jamul
6099,Northvale
6100,San Benito
6101,Lowndesboro
6111,Denville
6112,Castroville
6115,McColl
6120,Fullerton
6121,Medical Lake
6122,Huntersville
6128,Norfork
6130,Cassia
6133,Williams
6138,Sedro-Woolley
6144,Ocoee
6149,Mira Mesa
6151,Elkton
6152,Baldwin
6161,Arlington Heights
6163,Barto
6166,Pelion
6171,Jupiter
6172,Eugene
6173,Washington Court House
6179,Fort Pierce
6185,Caret
6195,Temecula
6196,Micanopy
6197,Duchesne
6201,Homer
6207,Cornelia
6208,French Camp
6212,Dateland
6214,Willow Grove
6216,Capitol Heights
6218,Springdale
6220,Winfield
6233,Ashburn
6236,Mableton
6238,Goleta
6239,Snow Creek
6243,State College
6245,Garden Valley
6251,La Plata
6257,Comstock Park
6258,Combine
6263,Coachella
6267,Hagerstown
6271,Far Rockaway
6272,New Bloomfield
6273,Mascot
6277,King George
6282,Bennettsville
6287,Warminster
6292,Mahwah
6293,Elkhorn
6294,Alanson
6299,Choctaw
6303,Pacific
6304,Summit
6306,Norco
6316,Wheelersburg
6327,Rockvale
6334,Elizabethtown
6338,Pawtucket
6341,Cade
6354,Rancho Santa Margarita
6356,Berry Creek
6359,Green Cove Springs
6365,Glen Ellyn
6373,Brighton Township
6378,Kelseyville
6380,Beecher
6382,Westmoreland
6396,Duncan
6397,Ettrick
6400,Annapolis
6402,Clements
6408,Addison
6411,Cypress
6414,Chantilly
6417,Pottsville
6423,Coolidge
6425,Kingsport
6427,Millville
6431,Swanton
6435,Hampshire
6443,Bremerton
6446,Adairsville
6452,Fort Scott
6454,Pickerington
6455,Chewelah
6469,Darlington
6471,Winder
6479,Redford Charter Township
6481,Little America
6485,Ridgely
6489,Rutland
6491,David
6492,Germantown
6495,Kennett
6504,Hoffman Estates
6512,Eastlake
6513,University City
6515,Altamonte Springs
6526,Mayer
6534,Weatherford
6541,Alda
6557,Mounds
6560,Plainville
6563,Summerville
6574,Hallandale Beach
6579,Punta Gorda
6583,Arkansas City
6584,Boardman
6586,Highlands
6588,Mount Olive
6601,Cape Coral
6605,Earlimart
6608,Frisco
6616,Aromas
6622,Caldwell
6624,Monterey Park
6625,Spanaway
6626,Eldora
6628,Fort Walton Beach
6629,Glencoe
6637,North Smithfield
6638,Darby
6643,Beckley
6651,"Stony Creek, VA"
6654,New Stanton
6659,Harvard
6661,Mukwonago
6668,Weaverville
6671,McLean
6676,North Palm Beach
6692,Ghent
6693,Crete
6705,Big Springs
6706,Walnutport
6707,Marlborough
6708,Ridgeway
6709,Jurupa Valley
6712,Vandalia
6715,Sidney
6722,Harris
6723,Salina
6726,Royal Oak
6743,Hermann
6747,Newaygo
6750,DeSoto
6753,Sheboygan
6755,Johnson City
6756,St. Ann
6757,Wabasso
6758,Allendale
6762,Dixie Inn
6763,Wallingford
6764,Pine Level
6772,Falls City
6777,Dunn
6782,Hudson Oaks
6783,Algonquin
6797,Quinter
6799,Attalla
6804,Hannibal
6814,Moncks Corner
6830,Cherryland
6838,Pocatello
6841,Clarkstown
6842,Eustace
6844,West Carrollton
6846,DeLand
6847,Victoria
6848,Irondale
6864,Grinnell
6869,Angels Camp
6874,Honea Path
6877,Plainview
6886,La Pine
6887,Magalia
6890,Wonder Lake
6894,Wisconsin Dells
6900,Neenah
6902,Pinckney
6903,Florham Park
6904,Village of Clarkston
6906,Lawson
6911,Coloma
6919,Wantagh
6920,Whitewater
6922,Colona
6924,Fulton
6927,Lebanon Junction
6928,Lynchburg
6931,Ormond-by-the-Sea
6935,Marmora
6942,Middleburg
6945,Eau Claire
6949,Claremore
6951,Pequea
6952,Paradise
6956,Catalina
6959,Roma
6966,Channelview
6968,Grantsburg
6969,Llano
6973,Patagonia
6977,Quitman
6983,Sterling Heights
6987,Clearlake Oaks
6991,Bowling Green
6997,Eastham
7000,Milford
7003,District Heights
7015,University Park
7016,Cobb
7017,Jacinto City
7024,Silt
7026,Red Lake
7030,Hoxie
7032,New Bedford
7041,Jerseyville
7051,Newburgh
7052,Cerritos
7060,Lothian
7062,Sun City
7066,Wellsburg
7067,Cathedral City
7071,Cameron
7075,East Los Angeles
7104,Elk
7106,Byhalia
7111,Solana Beach
7112,Moultrie
7114,Orangeville Township
7115,Moscow
7117,Cortland
7118,Atascadero
7126,Clarkridge
7143,Cottondale
7144,Andersonville
7145,Kalispell
7147,Wilton Manors
7151,Santa Fe Springs
7152,Bartlett
7154,Copperas Cove
7159,Lemay
7162,Lahaina
7164,Sulfur Springs
7166,Eveleth
7168,Hazelton
7169,South Portland
7171,Finksburg
7180,Tularosa
7187,Thomaston
7188,Eden Prairie
7197,New Lenox
7199,Watts
7200,Barryville
7201,Exeter
7203,Overland Park
7204,Noble
7205,Wharncliffe
7208,Lodgepole
7212,Reisterstown
7217,Cotter
7226,Point Place
7227,Gillham
7233,Bonaire
7235,Snellville
7236,Mogadore
7237,Canon City
7238,Neosho
7239,Hummelstown
7241,Harveys Lake
7244,East Palo Alto
7245,Rocheport
7248,Bartonville
7250,Fernandina Beach
7259,Nixa
7269,Adelanto
7272,Bohemia
7297,Gastonia
7298,Stillwater
7307,Green Valley
7308,Blowing Rock
7310,Palm Coast
7319,Ozark
7320,Brisbee
7326,Lyons
7328,Moline Acres
7338,Morgan Hill
7341,Burtonsville
7343,Santa Maria
7344,Waimanalo
7346,Beverly
7351,Giddings
7352,Bracey
7355,Home Gardens
7361,Clio
7364,Broxton
7365,Accokeek
7369,Lake Como
7376,Huron
7379,Bassett
7382,Bensalem
7394,Marianna
7397,Chackbay
7400,Clovis
7402,Inver Grove Heights
7410,Mt. Morris
7411,Old Fort
7412,Landis
7413,Twin Falls
7415,North Brunswick
7419,Brownstown Charter Township
7424,Yolo
7445,Wharton
7446,Tracy
7448,Laredo
7453,Muscle Shoals
7459,Ranson
7464,West Memphis
7477,Mattawan
7490,Wellford
7495,Chambersburg
7496,Kempner
7503,Carencro
7506,Jensen Beach
7510,Harleyville
7512,Ripley
7516,Eastland
7517,Channing
7522,Warrior
7529,Bedford Park
7532,Atherton
7536,Park Forest
7537,Kennewick
7538,Big Lake
7549,Poplar
7559,Spauldings
7562,Spiro
7575,Severna Park
7576,South Daytona
7579,Calexico
7584,Pattonville
7586,Vernal
7590,Lennox
7591,Oil City
7594,Oakwood
7602,Perryopolis
7613,Central Falls
7615,Prattville
7622,Pratt
7624,Sheffield
7628,Rolla
7629,Klamath Falls
7631,Elliston
7633,Charles City
7634,Ida Grove
7643,Chesterton
7648,Galivants Ferry
7657,Fort Benton
7673,Margaretville
7675,Silver Spring
7676,Round Rock
7683,Pauls Valley
7689,Lacon
7692,Mt. Kisco
7705,Malta
7706,Dodge City
7708,Pickens
7718,Pearl
7722,Birchwood
7734,West St. Paul
7736,Bartholomew Township
7743,Fort Dodge
7746,Iola
7752,Flora
7754,La Mirada
7769,Proctor
7771,Cut Off
7774,Stuarts Draft
7777,Raywick
7786,Knob Noster
7791,Osakis Township
7793,Ruby
7794,Seat Pleasant
7810,La Paloma
7812,Kountze
7817,Abbeville
7818,Evarts
7819,Panama City Beach
7821,Bedias
7823,Cordova
7824,Hoopa
7828,Shingle Springs
7829,Castle Rock
7833,Waveland
7835,Whitehouse
7836,New Brunswick
7840,Osceola
7845,Palm Bay
7852,San Juan Bautista
7855,Hometown
7856,Marrero
7867,Rusk
7869,North Canton
7874,Bridgewater
7880,Nashua
7881,Centerville
7884,Española
7886,Clackamas
7887,Potsdam
7888,Coalfield
7895,Glasgow
7898,Three Mile Bay
7909,Ocotillo Wells
7911,Natchitoches
7919,Sedalia
7923,Westfir
7925,Redondo Beach
7928,Olmito
7929,Valley Park
7938,Cadillac
7941,Wabash
7942,Kaufman
7944,Westport
7951,Tamarac
7955,Hornbrook
7963,Big Spring
7967,Gretna
7968,Logan
7975,Boonville
7976,Forest
7980,Siler
7982,Omak
7985,Camano Island
7986,Braceville
7989,Slatington
7990,Totowa
7993,McMinnville
8001,Erie
8012,McKee
8028,Orofino
8030,Mt. Sinai
8035,Sandusky
8037,Platte Center
8045,Trevor
8047,Ridgecrest
8062,Framingham
8066,Agoura Hills
8068,Parker
8070,Steamboat Island
8087,Rio Grande City
8089,Juneau
8090,Eastborough
8092,Prairieville
8093,Laveen Village
8097,Raceland
8102,Waterford
8108,Broadview Heights
8111,Ben Wheeler
8120,Gate City
8122,Hobart
8133,Del Mar Heights
8140,Marathon City
8141,Blue Ash
8155,Pleasant Run
8157,Golf Manor
8161,Bel Air
8164,Burkburnett
8167,Pittsgrove Township
8172,Galion
8173,Boring
8175,Mentone
8179,Lytle Creek
8183,El Dorado Hills
8188,Miami Township
8203,Clare
8205,Fairview Heights
8219,Rumford
8220,Campbellsport
8221,New Park
8222,Moab
8223,Waldoboro
8233,Urbana
8240,Bay Shore
8251,Larabee Valley
8253,Crawford
8255,Mooresville
8257,DeRidder
8265,Seabrook
8267,Newberry
8269,Freehold Township
8270,Crandon
8276,Argonne
8277,Oroville
8280,Piggott
8286,Moss Point
8291,Morganton
8294,Balch Springs
8298,Signal Hill
8299,Otisville
8308,Harrold
8314,Winslow
8318,North Miami
8319,Rugby
8323,Gorham
8324,Fruitland
8328,Orosi
8330,Stevens Point
8332,Plummer
8340,Pittsville
8341,Annandale
8357,Wilmer
8360,Grantsville
8363,Grapeland
8365,Wethersfield
8374,Rothbury
8380,Cave Junction
8384,Seguin
8385,Lutz
8386,Highland Falls
8391,Newborn
8397,Halstead
8426,Houstonia
8437,Pahokee
8441,Solon
8443,Benicia
8444,Boiling Springs
8445,Bessemer
8452,Creedmoor
8455,Barstow
8456,Temple City
8477,West Dover
8481,Unicoi
8492,Catonsville
8501,Greencastle
8503,South Gardiner
8507,Blue Rock
8513,Newtown Square
8516,Greeneville
8517,Kenton
8528,Pendleton
8537,Mankato
8542,Kirby
8543,Lenoir
8545,Mounds View
8550,Semmes
8551,Ridgeland
8552,Suitland
8553,Pryor
8565,Arverne
8567,Meggett
8569,Wewoka
8576,Seven Devils
8579,Ava
8582,Rossmoor
8583,West Chester Township
8585,Coral Gables
8588,East Dublin
8594,Pueblo West
8597,Fort Gratiot Township
8602,Winnfield
8607,Longs
8608,East Butler
8609,Boulder
8616,Prickett's Fort
8619,McLeansville
8621,Emsworth
8622,Maryvale
8627,Adamson
8628,Starkville
8630,White Plains
8632,Wicksburg
8637,Perkasie
8650,Conneaut
8652,Campo
8656,Spooner
8677,Atlantic Beach
8681,Rosenberg
8688,Checotah
8692,Phillipston
8696,Bainbridge
8697,Paxico
8700,Harmony
8709,Goodyear
8718,Clifton Heights
8721,Flowood
8731,Watauga
8735,Marana
8736,Verbena
8738,Winston-Salem
8744,Woodruff
8751,Liverpool
8753,New Tazewell
8761,Flat Rock
8763,West Valley
8766,Clear Spring
8779,Hope
8780,Elmont
8782,Jersey Village
8789,Coronado
8790,Hamlin
8802,Cookville
8810,Frostproof
8813,Delta
8814,Scottsville
8815,Abingdon
8819,Tunnel Hill
8824,Davy
8826,Marshfield
8828,Sullivan
8834,New Plymouth
8836,Marionville
8855,England
8859,Caruthersville
8869,Alice
8870,Dundee
8878,Makawao
8882,West Islip
8887,East Moline
8898,Surprise
8900,Cassatt
8905,Bradford
8906,Mannington Township
8907,Millboro
8913,Crest Hill
8916,Upper Arlington
8919,Mansfield
8925,Thrift
8937,Hickory
8938,Centre
8943,Bend
8944,Gering
8947,Holly Hill
8954,Blackfoot
8955,West Alton
8956,North Chicago
8963,Corry
8970,East Bernstadt
8981,Indian Township
8992,Malaga
8997,Electra
9004,North Charlotte
9006,San Bruno
9010,St. Simons Island
9011,Plaquemine
9014,Lake Park
9016,Keswick
9019,Lynn
9025,Fairlawn
9037,Wasilla
9048,Monteagle
9054,McLoud
9055,Othello
9059,Meriden
9061,Gum Spring
9063,Tijeras
9074,Red Bank
9078,Millsboro
9079,Camino
9081,Laurie
9088,Dedham
9097,Port Richey
9101,Rockwall
9103,Somerset
9104,Buckeye
9107,Lake Ariel
9108,Crystal Park
9113,Port St Lucie
9114,Greer
9118,Lehi
9123,Little Falls
9124,Stillwell
9138,Genoa City
9141,Silverton
9157,Brewton
9159,Oakton
9160,Auburn Hills
9164,Wayland
9168,Sandpoint
9181,Harpers Ferry
9185,Saratoga
9195,Centralia
9198,Middleburg Heights
9201,Rockwood
9203,Parsippany
9204,Snow Hill
9215,Westmorland
9217,Rantoul
9223,Warr Acres
9224,Morganfield
9238,Paxton
9254,Mooringsport
9256,State Center
9257,West Yarmouth
9258,Lonoke
9260,Buffalo
9262,Prichard
9263,Mountlake Terrace
9264,Hanna
9270,Rougemont
9271,Royal Palm Beach
9279,Albion
9280,Pamplico
9281,Swissvale
9296,Gustine
9298,Beulah
9303,Lula
9305,Hyde Park
9311,York Haven
9313,Ypsilanti Charter Township
9316,Valmeyer
9318,Kimberly
9319,Langley Park
9321,Palmer Township
9327,Waterflow
9330,Montgomery Village
9337,Skokie
9338,Heyworth
9340,Creston
9343,Lincolnwood
9344,Dodge Center
9345,Pinole
9346,Moberly
9357,Savage
9363,Kingsburg
9376,Warrendale
9377,Wheaton
9382,Lenexa
9398,Plant City
9404,Loxley
9414,Peabody
9428,Schwenksville
9430,Hueytown
9436,Unalakleet
9437,Sanostee
9448,Craig
9459,Pleasant Garden
9464,Booneville
9471,Ramer
9480,Watertown
9482,South Burlington
9484,Blue Springs
9486,Sevierville
9490,Whitney
9493,Hatch
9502,Keller
9509,Portales
9520,Lemoyne
9525,El Sobrante
9537,Sanford
9542,Buffalo Valley
9543,Good Hope
9548,Phillipsburg
9555,Brockton
9563,Dewitt
9575,West Point
9587,Sebring
9588,Frankston
9594,New Port Richey
9596,Irwin
9603,Jenkins Township
9606,Browns Mills
9612,Kenly
9628,Soldotna
9638,Breckenridge
9643,Morrilton
9646,Gerber
9649,Pea Ridge
9656,Bethel
9670,Lucedale
9680,Munith
9682,Leland
9683,Fredonia
9685,Redford Township
9687,Winston
9691,Manteo
9692,San Anselmo
9693,Waxahachie
9699,Pleasant Lake
9701,Stockbridge
9726,Delcambre
9729,Hebbronville
9732,Queen Creek
9734,Sitka
9736,Teaneck
9741,Carlisle
9742,Nederland
9758,Alexander
9760,Scuddy
9763,Soddy Daisy
9765,Schnecksville
9767,Uhrichsville
9774,Plantation
9781,East Greenbush
9782,East Hartford
9786,Thomasville
9788,Shiprock
9790,Selden
9791,Floyd County
9792,Colrain
9794,Monmouth Junction
9798,Havre De Grace
9809,Hutto
9817,Wasco
9821,Widefield
9825,Aiken
9837,Darien
9838,Zwolle
9842,Gardner
9849,Trussville
9850,Taylors
9852,Guntersville
9856,La Luz
9869,Chino Valley
9872,Mentor
9876,Waterproof
9881,Penrose
9885,North Kingstown
9890,South Orange
9897,Bonita Springs
9905,Greensburg
9909,Coffeyville
9911,Raymondville
9923,Shakopee
9927,Port Costa
9928,Humboldt
9929,Zeeland
9932,Zelienople
9954,Isleta Village Proper
9958,Canby
9971,White Lake
9973,Front Royal
9976,Mena
9983,Cedar Falls
10008,Strattanville
10023,Crystal River
10025,Biddeford
10026,Menard
10035,St. Cloud
10036,Glenwood Springs
10042,Frayser
10046,Fogelsville
10048,Wadley
10051,Edenville
10052,Big Sur
10056,Sand Rock
10064,Grifton
10065,Willow Springs
10079,McGrady
10090,North Highlands
10098,Severn
10099,Lohrville
10101,Gloucester City
10102,Rock Island
10106,Bonsall
10107,Santaquin
10108,Phelan
10111,Milwaukie
10114,St. David
10122,Chaparral
10124,Headland
10126,Langhorne
10127,Dyer
10130,Defuniak Springs
10131,Burton
10140,Emmett Township
10142,Mount Pleasant
10149,Twinsburg
10151,McKenzie
10154,Lumberton
10163,Holbrook
10164,Taos
10165,Grand Marais
10168,Jarrell
10169,Harwood Heights
10179,Willow Creek
10182,Foley
10198,Shafter
10202,La Marque
10203,Lyman
10206,Culdesac
10209,Wallowa
10216,Allen Park
10220,Walnut Hill
10238,Window Rock
10243,Tiffin
10244,Carñuel
10250,Foster
10259,Valdosta
10260,Rancho Mirage
10268,West Pensacola
10271,Britt
10276,Minster
10278,Richton
10279,Coolbaugh Township
10288,Broadway
10296,Feasterville-Trevose
10308,Vinton
10309,Clay Center
10312,Warriors Mark
10317,Dixie Valley
10323,Beaver
10327,Kawkawlin
10330,South Windsor
10335,Coopers Plains
10341,Fort Oglethorpe
10342,Millcreek
10345,Yantis
10347,Warrenville
10356,Hershey
10368,Hanover
10372,Johns Creek
10376,Beech Island
10388,Loris
10392,Holden
10395,Council
10417,La Center
10425,Blue River
10432,Laurys Station
10437,Maryland Heights
10438,Jemez Springs
10443,Swanzey
10448,Kasota
10462,Tice
10463,Colfax
10468,Haubstadt
10474,Paris Township
10491,Taylor Ridge
10493,Maitland
10495,Malden
10498,Powderly
10501,Lake Stevens
10502,Bemidji
10503,Tooele
10523,Bald Knob
10527,Howell
10528,Dartmouth
10534,Essington
10536,Libertyville
10538,Punxsutawney
10541,LaPlace
10544,Bayard
10554,Mt. Bethel
10555,Mexico
10556,Arizona City
10558,Trinity
10561,Dale City
10566,Mooresburg
10594,Eatonton
10599,Supply
10604,Granbury
10607,Nichols Hills
10609,Valentine
10619,Bedminster Township
10627,Elkview
10635,Siler City
10644,Delavan Township
10645,Inkster
10649,Stephens City
10650,Timpson
10652,Mt. Lebanon
10659,Millry
10666,Breaux Bridge
10667,Centrahoma
10668,Jackhorn
10674,Alexandria Valley
10683,Starke
10696,Panama City
10698,Elk River
10700,San Ysidro
10703,Pleasant Hill
10704,Kalona
10707,San Juan
10719,Claymont
10720,New Hyde Park
10722,Yazoo City
10725,St. George
10731,Rincon
10735,Ames
10739,Mossville
10742,Okmulgee
10743,Grovertown
10750,North Tazewell
10760,Garibaldi
10766,Winter Park
10776,Anacoco
10777,Deer Park
10783,Indian Shores
10784,Center Line
10787,Hamlet
10790,Bruce
10797,Perryton
10800,Manila
10801,New Rochelle
10802,St. Louis Park
10803,Vineyard
10805,Three Rivers
10818,Paragould
10824,McClellanville
10829,Wylie
10830,Iuka
10834,Sudlersville
10836,New Braunfels
10844,Cambridge City
10846,Coram
10853,East Grand Rapids
10866,Sabattus
10872,Childress
10877,Amite
10879,North Port
10880,Strasburg
10897,Suitland-Silver Hill
10902,Dallastown
10906,Bloomsburg
10915,Platteville
10918,Robert
10934,Mason
10942,Burney
10947,Pāhoa
10949,Edinburg
10951,Dumas
10957,Rockledge
10967,Eatonville
10968,Mt Sterling
10970,Constantine
10980,Kings Mountain
10996,Tallassee
10997,Stamford
10999,Natrona Heights
11001,Bothell
11002,Ham Lake
11012,Mt. Orab
11015,Ada
11017,Douglas
11025,Livonia
11027,Peru
11033,Whitehaven
11035,Clover
11044,Northlake
11049,Reading Township
11064,La Jolla
11076,Bella Vista
11078,Lauderdale Lakes
11087,Northbrook
11094,Goldsboro
11098,Griffin
11109,Keene
11117,Lake Tapps
11123,Sarah
11138,Camp Springs
11154,Circleville
11155,Alamogordo
11161,Roosevelt
11163,Broken Bow
11164,Apple Grove
11167,Quinlan
11169,Nortonville
11175,Cheraw
11178,Ithaca
11180,North Vernon
11181,Minkler
11184,Ash Fork
11189,Frederickson
11205,Golovin
11210,Leitchfield
11222,St. James
11232,Rhinebeck
11242,Mt. Zion
11252,Panorama City
11254,Grosse Ile Township
11266,Overland
11270,Clearwater Beach
11275,Oscoda
11278,Penns Grove
11283,Midway
11287,Canyon
11295,White Pigeon
11305,Southwest City
11312,Cottage Grove
11321,Prairie Village
11324,George West
11341,Poway
11342,Walsenburg
11343,Sierra Blanca
11353,Darrow
11358,Cornelius
11359,Floral City
11360,Cocoa
11361,Palm Beach
11365,Bevinsville
11372,Pinson
11378,Westcliffe
11379,Prescott Valley
11384,Kittrell
11385,Hazel Green
11390,Enola
11397,Ewing Township
11399,Argyle
11409,East Compton
11415,Lehigh Acres
11424,Racine
11425,Hammonton
11433,Alliance
11434,Eagle Point
11436,Natomas
11452,Shaker Heights
11465,Ogallala
11470,Port Wentworth
11472,Coleman
11473,Brashear
11475,Palm Desert
11484,Lowell Charter Township
11488,Richland Hills
11507,Yuba City
11510,Fort Lee
11513,Eagle
11518,Sherman Oaks
11523,Tamaqua
11528,Strong
11529,New Hartford
11547,Cuero
11550,Belen
11551,Collegedale
11555,Grand Forks
11560,Travelers Rest
11562,Radcliff
11563,"El Paso, Ciudad Juárez"
11570,Belfield
11571,Indian Trail
11576,Hurricane
11579,Altadena
11588,Cherry Township
11590,Homewood
11594,Old Orchard Beach
11599,Trementina
11600,Libertytown
11608,Southwest Ranches
11618,Prunedale
11619,Neodesha
11624,Plumerville
11625,Grants Pass
11629,Santa Ynez
11636,Beavercreek
11647,Lake Berryessa
11650,Flintstone
11662,Imperial
11700,Leoma
11704,Melrose Park
11705,Kincheloe
11710,Otter Creek
11713,Lithia Springs
11716,Mineral Wells
11719,Oak Ridge
11720,Pace
11724,Wedowee
11730,Lamb Ridge
11732,Clementon
11738,Pagosa Springs
11749,Towson
11754,North Mobile
11756,Sharpsville
11760,Mendocino
11765,Stoughton
11768,Manassas
11783,Paoli
11787,Batesburg-Leesville
11793,Blue Lake
11797,Killen
11799,East Ridge
11807,Rogue River
11810,Edwardsville
11811,Liberty Township
11814,Sioux Falls
11829,Laytonville
11831,Lockhart
11832,Silsbee
11835,Ormond Beach
11838,Coppell
11847,Woodhaven
11848,Louisa
11850,Pleasant Dale
11863,Allison Park
11871,Lakehills
11875,Boaz
11890,Ashville
11897,Gold Bar
11909,Appleton
11916,Olalla
11917,Callahan
11918,Lower Macungie Township
11921,Battle Mountain
11922,Rocky Ford
11924,Micco
11944,Cathedral CIty
11945,Octavia
11952,Glen Avon
11956,Milltown
11960,Hollidaysburg
11961,Perry Township
11971,Pennsauken Township
11973,Madras
11978,Fort Mill
11979,Hopkins
11993,Middle Township
11998,Evergreen Park
12000,Eagle Pass
12005,Bonham
12009,Danbury
12013,Bradley
12023,Delton
12029,Postville
12030,Thornwood
12031,Mills River
12033,Forrest City
12036,Tucumcari
12049,Hawesville
12059,Stockport
12062,Bainbridge Island
12066,Veneta
12068,Windsor Locks
12073,Louisiana
12074,Appomattox
12077,Pixley
12097,Needham
12100,Mount Joy
12106,Berthoud
12112,Fort Bragg
12119,Brookfield
12122,Salisbury
12125,Marcellon
12129,Riggins
12130,Creighton
12136,West Babylon
12138,Rochester Hills
12144,Hemingway
12148,Remus
12150,Chartiers
12152,Gulf Park Estates
12153,Rowland Heights
12154,McKeesport
12155,Tell City
12159,Napa
12160,Satellite Beach
12164,Bonne Terre
12165,Marinette
12166,Thomas
12175,Boerne
12179,Ocklawaha
12180,Corrigan
12191,West Sacramento
12199,Rice Hill
12207,Hyattsville
12249,Trent
12256,Skipperville
12259,Townville
12264,Taylor
12271,South Jordan
12274,Woburn
12279,Blue Ridge
12292,Joshua Tree
12301,Enon
12307,Hooper
12325,Hamburg
12343,Fort Shawnee
12352,Walled Lake
12356,Kingwood
12362,Lenorah
12365,"Attapulgus,"
12378,Saint Petersburg
12380,Orinda
12386,St. Marys
12388,Takoma Park
12398,Zumbrota
12401,Lancaster County
12402,Miramar
12407,Pike Road
12412,Belgrade
12418,Ovett
12420,Barnesville
12426,Paramus
12427,San Carlos
12432,South Ogden
12433,Cary
12436,Wallisville
12449,Bass Lake
12455,Swansboro
12463,Avondale Estates
12466,Spring Grove
12470,Norton Shores
12474,Ashby
12480,Jabez
12483,Garfield Heights
12486,Wrightwood
12489,Clay
12490,Lynden
12499,Bellmore
12500,De Pere
12510,Effort
12511,Waretown
12522,Russell
12530,Limon
12536,Villa Ridge
12537,Harper
12538,Township of Washington
12540,Massapequa
12544,Vansant
12558,Santa Margarita
12569,Ravensdale
12571,Ranger
12574,Warm Springs
12579,Fond du Lac
12589,Madill
12599,Kennebunk
12607,Lauderhill
12609,Morton Grove
12610,Mangum
12614,Canastota
12617,Newport
12618,Fairchild
12619,Davison
12627,Fairburn
12629,Anthony
12630,Sigourney
12640,Juda
12642,Westerville
12648,Glenn Dale
12652,Traer
12666,Hampstead
12669,Terrell
12679,Hudsonville
12693,Pulaski
12698,Fabens
12712,Shepherdsville
12713,Orcutt
12714,Venus
12715,Pinehurst
12717,St Stephen
12745,Saks
12746,Sunnyside
12749,Durant
12751,Randallstown
12753,Eutawville
12759,Cleo Springs
12761,Schuylkill Haven
12770,Lake Orion
12776,Sylvania Township
12785,Clayhole
12789,Hesper
12794,Lake Arrowhead
12805,Crimora
12806,Bolivia
12808,Miami-Dade
12810,Bonners Ferry
12811,Glendora
12812,Cottageville
12813,East Lansing
12814,North Hopewell Township
12815,Fowlerville
12819,Selah
12825,Fountain
12828,Hillsborough
12832,Moore
12838,Mindoro
12842,Sherman
12843,Towaoc
12845,Tazewell
12866,Homer City
12883,Marshall
12887,Simsboro
12890,Fallon
12892,McMurray
12893,Galt
12895,Gaston
12902,Anza
12903,Watsonville
12906,Ville Platte
12913,Lansdale
12915,Fair Play
12917,Westerly
12921,Lee's Summit
12922,Mt Dora
12928,Winter Garden
12936,Antlers
12950,Crows Landing
12951,Carneys Point
12954,Page
12955,Iron Mountain
12956,West Helena
12957,Napavine
12959,Winnsboro
12961,Pageland
12970,Jacksonville Beach
12971,Nassau Bay
12984,Suisun City
12985,Clallam
12988,Country Club Hills
12999,Wagner
13001,Genoa
13003,Trainer
13026,Battlefield
13036,Coeur d'Alene
13039,Miamisburg
13046,Snyder
13052,Foyil
13053,Union County
13063,Van Meter
13067,San Francisco Bayview District
13082,Manitou Beach
13097,Tamms
13098,Black Forest
13106,Capitan
13108,West Monroe
13117,Granite Bay
13125,Gladewater
13133,Cope
13137,Cape Canaveral
13139,Chase
13141,Mooreville
13150,Fairmont
13156,Peachtree Battle
13169,Helena
13172,Grosse Pointe Park
13174,Wagoner
13176,Ware Shoals
13181,Glassboro
13187,Sweetwater
13191,Boston Township
13200,Hampden
13203,Gramercy
13229,Jamison
13230,North Cape May
13235,Point Lookout
13243,Delaware Water Gap
13244,Dillwyn
13246,Westchester
13247,Stevensville
13256,Yarnell
13260,Garrison
13264,Custer
13274,Rockland
13279,Shaw
13283,South Houston
13284,Glendo
13291,Catawissa
13292,Menifee
13293,Crosby
13305,Green Sea
13306,Fircrest
13307,Tuckerton
13311,Minnesota City
13312,Park City
13330,Richmond Heights
13333,Minnetonka
13337,Mooreland
13338,Issaquah
13341,Farmingdale
13345,Middleburgh
13355,Waterfall
13366,St. Pete Beach
13371,Willitz
13377,Linn Creek
13378,Republic
13380,Glorieta
13392,North English
13398,Cody
13400,Delphos
13404,Myrtle Creek
13405,Lower Burrell
13406,Madison Heights
13409,Red Lodge
13414,Chipley
13415,Cibolo
13417,Mountain Lakes
13430,Carl Junction
13432,Lexington Park
13435,Aberdeen
13442,Pelham
13443,Kankakee
13448,Royal City
13456,Show Low
13462,Ashford
13466,Woodworth
13476,Latham
13481,St. Albans
13482,Albemarle
13483,Mathis
13484,Crowley
13489,Jenners
13491,Tarrant
13494,Beloit
13507,Alex
13511,Colville
13515,Craigmont
13517,Bonney Lake
13549,Ross
13550,Scotland Neck
13555,Farrell
13557,Vidalia
13561,Marina
13562,Aquasco
13577,Dover-Foxcroft
13581,Woodall
13584,Pakala Village
13590,Grosse Tete
13596,Gardnerville
13598,Porter
13603,Atchison
13612,Adelphi
13618,Elroy
13619,Lagrange
13626,West Terre Haute
13639,Pennsville
13646,Greater Landover
13649,Palo Pinto
13652,Monessen
13657,Fort Mohave
13660,Natural Bridge
13661,Murrieta
13666,Dumfries
13667,Shippensburg
13686,Rancho Palos Verdes
13689,Livermore
13696,Granite Shoals
13700,East Meadow
13737,Littlefield
13743,Ponte Vedra Beach
13750,Shively
13761,Rosharon
13775,Valley View
13780,Beardstown
13786,Stone Mountain (Near)
13788,Buttonwillow
13790,Lutherville-Timonium
13793,Brush
13796,Palos Verdes Estates
13809,Bluewell
13816,Barnegat
13818,Hulbert
13828,Grayling
13831,Guyton
13834,Pretty Prairie
13836,Mora
13840,Poulsbo
13843,Culpeper
13844,Powell
13845,Butler City
13857,Nanakuli
13868,Omao
13872,Donaldsonville
13877,Superior
13884,Baxley
13888,Ocean City
13891,West Liberty
13894,Mount Vernon
13897,Walkerton
13898,Whatley
13900,Cedar Park
13908,West Mifflin
13911,Merritt Island
13915,Pavillion
13932,Harrisonville
13936,Miami Lakes
13944,New Madrid
13945,Hickory Hills
13954,Folkston
13962,Annville
13970,Fortuna
13976,Lubeck
13978,Magna
13980,Gladys
13989,Weirton
13991,Paraje
13996,Bayonne
14000,Mediapolis
14002,Chevy Chase
14018,Chardon
14028,Kingston Springs
14031,Dade City
14036,Hardinsburg
14046,New Galilee
14048,Landover
14051,La Joya
14052,Burkeville
14058,Palmview
14071,Orangevale
14072,Birch Tree
14076,Greenland
14083,Elko
14085,Gambrills
14089,McCammon
14092,Suwanee
14095,Cloutierville
14096,Keyes
14103,Emerson
14104,Shady Shores
14108,Soper
14121,Mound Bayou
14130,Jenkintown
14153,Towne Lake
14155,Hindsville
14156,Grayson
14157,Sonora
14166,Alexander City
14168,Walthourville
14187,Guntown
14194,Edgard
14203,Poughkeepsie
14208,Loxahatchee
14219,Plymouth Meeting
14230,Thomson
14236,Farmville
14238,Olive Hill
14263,Yachats
14265,Columbia Falls
14269,Wright City
14272,Offutt AFB
14278,Loudon
14289,Henagar
14291,Gatlinburg
14295,Sellersville
14297,Irving
14300,Manvel
14302,Cumberland
14306,Munford
14308,Munnsville
14319,Azle
14331,Kotzebue
14332,Fieldale
14343,Lanham
14344,Thetford
14347,Hurley
14348,Mullins
14351,Harrison Charter Township
14353,Elsmere
14357,Jackman
14359,La Grange
14363,Maury City
14368,Canoe
14379,Bonanza
14388,DeLeon Springs
14390,Dekalb
14396,Valley
14397,Lantana
14407,Hermon
14409,Buellton
14413,Orange Cove
14419,Hazelwood
14421,Lewisville
14422,Ashton-Sandy Spring
14425,Jamaica
14429,Owensburg
14430,Fife
14433,Poplar Bluff
14436,Newton Falls
14438,Brent
14439,Summerfield
14444,Plentywood
14445,Bluefield
14451,North Branch
14463,Eustis
14466,Brook Park
14468,Groesbeck
14470,Worcester
14485,Dulce
14486,Lacombe
14491,Villa Grove
14499,Dacula
14504,Welaka
14506,Beachwood
14511,Old Forge
14516,Cason
14522,Dobson
14527,Drummonds
14530,Groton
14556,Princeville
14557,Early
14584,Cranberry Township
14587,Catawba
14589,Premont
14602,Ackley
14608,West Oakland
14615,Tangipahoa
14621,Smithfield
14624,Kingsville
14628,Alvin
14634,Kingsland
14635,Gladstone
14655,Bentonville
14670,White River
14675,Midnight
14677,Thorn Hill
14685,Ellendale
14693,Reserve
14698,Wheat Ridge
14699,Wallback
14706,Choudrant
14712,Meadville
14715,Epes
14716,Treasure Island
14721,Coker
14724,Georgiana
14731,Alamo
14732,Perkins
14735,Talent
14737,Friendship
14742,Cochran
14750,Eutaw
14754,West Bloomfield Township
14765,Guadalupe
14770,Harrington
14772,Perkiomenville
14777,The Dalles
14779,Schulenburg
14781,El Reno
14784,Atascosa
14798,Healy
14803,Woodville
14813,Clair-Mel
14821,Tonopah
14823,Luling
14826,Yale
14829,Haddon Township
14831,Shamrock
14841,Bisbee
14845,Osawatomie
14848,Taunton
14849,Middlebury
14850,Flushing
14867,Tombstone
14874,Morgan City
14876,Delbarton
14877,Maurice
14897,Krum
14899,Kanosh
14902,Hiram
14905,Monclova
14915,Eastvale
14916,Glacier View
14925,Lamoine
14928,Lower Lake
14935,Pennington Gap
14937,Penitas
14943,Corinne
14951,Buchanan Dam
14954,Walhalla
14956,Terryville
14959,Pe Ell
14977,Nanafalia
14978,White Cloud
14981,Overfield Township
15019,Rainbow City
15030,Fairhope
15033,Leonia
15041,Pampa
15049,Elburn
15052,Littleton
15058,Dandridge
15063,Schofield Barracks
15068,Coalton
15075,New Hampton
15088,Ridgewood
15092,Fall City
15114,Barton
15116,Fort Hood
15120,California City
15129,Moapa
15135,Pella
15142,St. Gabriel
15152,Security-Widefield
15153,Geeseytown
15157,McNeil
15161,Gloucester Township
15163,Tahoka
15164,Kentfield
15166,Myrtle
15170,Taneytown
15172,Earlysville
15185,Springettsbury
15186,Campbelltown
15190,Hearne
15191,Hermiston
15198,Gordon
15215,Westwood Lakes
15219,Deatsville
15221,Wenonah
15228,Independence Charter Township
15236,Saraland
15246,Man
15247,Uxbridge
15253,Girard
15255,Smiths Station
15262,Waverly
15263,Indialantic
15265,Senath
15286,Frederic
15292,New Kensington
15300,Brandy Station
15314,Lake Tomahawk
15315,Alto
15333,Cullman
15335,Fernley
15340,Pryor Creek
15341,Fort Worth/Haltom City
15342,Section
15347,­Fillmore
15350,Bishop
15351,Granger
15352,Harvest
15356,Waseca
15361,Midland City
15364,Poth
15371,Pocahontas
15377,Bladensburg
15381,Dowling
15386,New Augusta
15392,Angelus Oaks
15394,South Lyon
15396,Dinwiddie
15410,Jamestown
15412,Grapevine
15415,Moulton
15421,Bandera
15429,Holladay
15431,Long Island City
15435,Lawnside
15439,Water Valley
15448,Norwich
15451,Kaysville
15454,Eloy
15462,Guerneville
15464,Atmore
15474,Ohkay Owingeh
15477,Ft. Lauderdale
15478,Canyonville
15488,North Hudson
15490,Ocotillo
15492,Guin
15495,New Market
15505,Abita Springs
15509,Navarre
15515,Middlefield
15517,Kathleen
15518,North Liberty
15524,Medicine Park
15528,Willimantic
15533,Pisgah
15537,Chubbuck
15538,Herkimer
15539,Devine
15541,Paxtonia
15547,Fairless Hills
15550,Carmel
15558,East Hazel Crest
15585,Enid
15591,Rocky Face
15600,Coshocton
15604,Rawlings
15605,Hoquiam
15607,Walpole
15613,The Woodlands
15614,Tarboro
15616,Hot Sulphur Springs
15619,Bryant
15624,Chicopee
15625,Hanahan
15633,Champion
15648,Harborcreek
15653,Westbrook
15656,Dawsonville
15657,Stony Creek
15669,Rapidan
15681,Bear Valley Springs
15688,Kingstree
15695,Genesee Township
15699,Warrensburg
15702,Coal City
15706,Menasha
15707,Westfield Boro
15709,Gaithersburg
15711,Vail
15719,Crystal Springs
15731,Pleasantville
15747,Atascocita
15749,Lone Tree
15752,Frog
15773,Coeburn
15775,Homerville
15776,San Leon
15795,Stringtown
15823,Stromsburg
15828,Oakville
15829,Soda Springs
15830,Edna
15832,Kirbyville
15833,Carnesville
15834,Swansea
15839,Clintonville
15843,Cardington
15847,Nine Mile Falls
15849,Chapman
15865,Blytheville
15868,Hillman
15872,Three Way
15888,Sutton-Alpine
15894,Worden
15896,Ridgefield
15900,Mt. Morris Township
15904,Ronks
15920,Ferris
15928,Broad Creek
15933,Corsicana
15937,Pine
15944,Pataskala
15949,Red Feather Lakes
15952,Dowagiac
15954,Mad River
15992,Sardis
16003,Mullan
16012,Fruita
16044,Plainwell
16048,Avinger
16053,La Puente
16070,Maysel
16082,Shirley
16088,Town of Pound
16092,Elmendorf
16099,Calais
16103,Millersburg
16108,Gilford Township
16111,Brenham
16118,Geronimo
16119,Brackettville
16124,Craigsville
16126,Epsom
16129,Buckner
16131,Pooler
16132,Batavia Township
16135,Sewickley
16136,Brush Valley
16139,Cabazon
16148,Loma
16149,Eagle Butte
16158,Oak View
16161,Encinal
16167,Cairo
16168,DeForest
16179,Oil Springs
16180,Oil CIty
16189,Stanfield
16194,Latrobe
16195,St. Regis
16198,Cockeysville
16202,Wilson
16211,Wenatchee
16222,Newbury Park
16224,Moorestown
16234,Gila Bend
16246,Orting
16253,Yellow Springs
16256,Sweet Home
16259,Brattleboro
16267,Cardwell
16273,Coleville
16290,Cascade
16291,Ambridge
16292,Poplar Grove
16306,Gloster
16311,Nashotah
16312,Fort Ripley
16313,Middlesboro
16325,St Paul
16326,Līhuʻe
16332,Grindstone Township
16334,McComb
16336,Bluff City
16337,Cedartown
16338,South Pasadena
16340,Rush Springs
16348,Goldonna
16352,Hopewell Junction
16355,Buckley
16363,Fort Morgan
16366,Danvers
16370,Center
16378,Molunkus
16382,Palo Cedro
16383,Quapaw
16393,Cortez
16395,Sisters
16397,Latta
16403,Saratoga Springs
16405,Pasco
16412,Los Banos
16414,St. Thomas
16417,Pinecrest
16419,Braddock
16436,Jasper
16437,St Petersburg
16446,Newville
16448,Mabank
16473,Merrill
16475,Era
16476,Judsonia
16487,Ivanhoe
16495,Guthrie
16497,Northwood
16505,East Bridgewater
16506,Parkersburg
16511,San Tan Valley
16516,Laguna Niguel
16522,Waelder
16538,Hitchcock
16541,Havre de Grace
16550,Ariton
16551,Hartsville
16555,Slippery Rock
16556,Calverton
16558,Indian River
16568,Waycross
16570,Staten Island New York City
16572,Posen
16574,Lake Hamilton
16586,Old Town
16596,James Island
16598,Kings Park
16604,Starr
16609,Huber Heights
16616,Oelwein
16621,Neillsville
16622,Nauvoo
16625,Wishram
16633,Otay Mesa
16636,Portola
16637,Coffeeville
16639,Index
16644,Alamosa
16651,Eupora
16653,Golconda
16656,Findlay
16660,Weed
16668,Islamorada
16671,Kosciusko
16677,Pearisburg
16710,Fort Thompson
16713,Fort Belvoir
16716,Gower
16724,Enterprise
16726,Papillion
16732,Oregon City
16755,South Shenango Township
16769,Mabelvale
16772,Gypsum
16773,Bowbells
16778,Wayzata
16806,South Brunswick
16807,Orienta
16809,Rock Falls
16823,WInchester
16829,Yarmouth Port
16831,Granada Hills
16847,Key West
16848,La Crescenta
16849,Brantley
16853,Kyle
16854,Murphysboro
16857,Okeechobee
16859,Bois D'Arc
16866,Etowah
16867,Havelock
16878,Alamo Heights
16892,Moon
16895,Topanga
16896,Morongo Valley
16902,Kerens
16905,Hollis
16927,Hialeah Gardens
16938,Coweta
16940,Winterville
16954,Placitas
16956,North Plainfield
16958,Colleyville
16966,Ruston
16971,Moses Lake
16974,Tifton
16980,Carrizo Springs
16981,Chelsea
16983,Hondo
16984,Crestview
16988,Lincoln City
16995,Arvada
17004,Boiling Spring Lakes
17007,Anmoore
17018,Queens Village
17021,De Valls Bluff
17022,Williamsport
17029,Vienna
17032,Ludington
17036,Houghton Lake
17039,Apache
17041,Spanish Fork
17049,Boligee
17053,Stansbury Park
17056,Colbert
17060,Interlachen
17072,Red Lion
17073,Dill City
17075,Burleson
17082,Lakeview
17090,Federal Heights
17102,Waldo
17106,Chapmanville
17112,Nephi
17114,Laughlin
17116,Dixfield
17119,Sandston
17121,Merrifield
17125,Sylacauga
17131,West Hanover Township
17132,Nevada City
17135,Liberty City
17142,Brookshire
17146,Bath Springs
17149,Yulee
17157,Menomonie
17165,Euharlee
17166,Gautier
17171,Cheeks
17174,Mukilteo
17184,San Lorenzo
17187,Oyster Creek
17188,Browning
17197,Vidor
17206,Arcola
17223,Antelope
17228,Bancroft
17230,Clawson
17233,Kendall
17235,East Naples
17241,Bourbon
17257,Niagara Falls
17260,Lyerly
17262,Buffalo Grove
17277,St. Michael
17278,Downsville
17287,Jean
17294,Cumming
17303,Cleone
17321,University Place
17335,Rice
17340,Oildale
17343,Glen Rose
17348,Tonalea
17356,New Bern
17359,Lincolnton
17372,Maquoketa
17376,Kenwood
17387,Bixby
17393,Richard City
17395,Portageville
17417,Wauconda
17419,St Augustine
17442,Windham
17444,Doerun
17462,Nettleton
17468,Iowa Falls
17470,Salton City
17471,Woodward
17487,South Lebanon
17499,Ararat
17500,Westley
17506,Bergenfield
17513,Hinton
17514,Hellertown
17518,Athena
17531,Primrose
17536,Moody
17546,Iraan
17552,Olivehurst
17559,Dotsero
17562,Payette
17563,Pine Lawn
17568,Macy
17573,Hazard
17581,Prince Frederick
17588,Nesquehoning
17590,Universal City
17592,Dunelion
17600,Campbellsville
17610,Plover
17618,Onawa
17619,Masaryktown
17622,Macclesfield
17623,Clearfield
17624,Scott City
17635,Hazelhurst
17642,Purcellville
17644,Lebec
17645,Neelyville
17650,Red Wing
17660,Holyoke
17687,Raeford
17689,Cowley County
17695,Piedmont
17700,Half Moon Bay
17702,Marriott-Slaterville
17704,McPherson
17719,East Knoxville
17721,Bridgeville
17722,Sealy
17740,Cassville
17749,Kegley
17762,Brownstown Charter Twp
17770,Lake Forest Park
17771,Ellicott City
17774,Tahlequah
17784,Schuyler
17787,Dickinson
17790,Bernardino
17796,Rhinelander
17812,Cisco
17832,Wahpeton
17854,Cannon Falls
17870,Ragland
17873,Molalla
17880,Estero
17887,Wapato
17889,Lady Lake
17895,Tracy City
17896,Middle Island
17899,Fountain Hills
17903,Basin
17905,Frankford
17907,Munising Township
17914,Flint Township
17918,Reedsport
17929,Bealeton
17939,Cross City
17940,Belle Isle
17941,Romulus
17943,Trotwood
17944,Ray Brook
17950,Salt Lake
17958,Bloomburg
17966,Pana
17970,Ethete
17977,Balcones Heights
17988,Pinetop
17992,Church Hill
17999,Fort Madison
18005,Hudgins
18012,Pearl City
18021,Seven Valleys
18023,Walnut Park
18026,Pflugerville
18034,Palenville
18047,New Auburn
18051,Fairfield Township
18052,Suffern
18060,Bunnel
18066,Tumalo
18076,Carpentersville
18082,Haysville
18083,Cherry Valley
18084,Candor
18093,Hapeville
18097,Methuen
18107,Dingess
18141,Hoisington
18143,Claude
18149,Henryetta
18163,Ware
18165,De Kalb
18167,St. Johns
18168,Vernon Hills
18179,Sinton
18186,Washington City
18190,Hogansville
18195,Young Harris
18197,Pigeon Forge
18203,Maidsville
18207,Pelahatchie
18208,Rutherford
18223,Hermantown
18230,Homosassa
18232,Ballston Spa
18236,Highland Springs
18256,Blossom
18263,Mitchellville
18276,Conshohocken
18279,Mt Pleasant
18298,Redford Charter Twp
18310,Bergen
18327,Ludlow
18332,Dalhart
18336,Lorman
18338,Cantril
18339,Leslie
18341,Dewey
18346,South Euclid
18366,Helper
18369,Chunky
18376,Oak Grove
18385,Crookston
18388,McFall
18403,Au Sable
18405,Tchula
18417,Blaine
18418,El Dorado Springs
18426,Blountsville
18429,Kitts Hill
18431,Hartselle
18433,Jerome
18437,Spring Branch
18439,Divide
18450,Lucerne
18451,Ann Arbor
18455,Menlo Park
18468,Ladonia
18469,Matteson
18470,Americus
18472,Boyceville
18474,Chippewa Falls
18479,Shillington
18489,Deming
18491,Wausau
18498,Bunnell
18502,Clarkton
18504,Kewanee
18514,Mulvane
18515,Crittenden
18522,Brisbane
18526,Peach Bottom
18536,Versailles
18537,Point Arena
18542,Aztec
18545,Tuskegee
18558,Red Springs
18569,South Berwick
18577,las Vegas
18580,Trent Woods
18582,Richards
18588,Wildomar
18605,Mt Vernon
18613,Glenolden
18615,Beaver Dam
18619,MIdland
18628,Shoreview
18633,Paragon
18643,Deer Lodge
18644,Fairway
18652,Elbow Lake
18673,Pharr
18675,Islip
18676,Holly Pond
18677,Franklinville
18681,Safford
18686,Drexel Hill
18694,Key Largo
18700,Kaumakani
18710,Assaria
18718,Rosemont
18722,Huntley
18724,Little Elm
18733,Jourdanton
18734,Lake Jackson
18735,Robertsville
18737,Catskill
18738,Old Bridge
18740,Draper
18744,Crab Orchard
18759,Gunlock
18761,Sugarland
18764,Weymouth
18765,Charles Town
18766,Chapeño
18777,Rexburg
18788,Morenci
18796,Sunset
18808,Oak Hill
18810,Paducah
18819,Winesburg
18823,Lorena
18830,Calimesa
18831,Beaver Dams
18837,New City
18842,Nocona
18845,Smyrna Mills
18849,Fostoria
18851,Port St. Joe
18852,Dadeville
18853,Arleta
18855,San Manuel
18871,Tewksbury
18872,Del Rio
18875,Eaton Rapids Township
18877,Daphne
18886,Griffith
18896,Millbrook
18911,Ehrenberg
18912,Grand Ledge
18915,Pelzer
18932,Deltona
18937,Melrose
18942,Harbeson
18946,Claymount
18961,Firebaugh
18967,Bay Minette
18973,Follansbee
18981,Branford
18982,Ruth
19000,Sumas
19001,Lukachukai
19002,Munroe Falls
19004,Langtown
19010,Wapanucka
19011,White Oak
19014,Holley
19019,Port Trevorton
19034,Johnsonville
19041,Gravel Switch
19042,Encinitas
19047,Fort Ashby
19048,Peebles
19055,Fort George Meade
19069,Metropolis
19072,Warner
19078,Tonasket
19080,Tehachapi
19084,Rigby
19089,Jetmore
19094,Kellyville
19096,Cana
19098,Monon
19099,Gettysburg
19104,Sand Springs
19108,Salemburg
19109,Newalla
19118,Fall Creek
19125,Cañon City
19129,Waldorf
19131,Gibraltar
19142,Wilmore
19146,Irmo
19151,Tenaha
19152,Eldorado Springs
19162,Rufe
19164,Trinidad
19166,West End
19170,Clermont
19173,Bunch
19200,Chavies
19206,Hallettsville
19215,Wake Forest
19216,Secaucus
19221,Beacon
19228,Constantia
19231,Enfield
19264,Ruidoso
19295,Green Ridge
19299,Luray
19312,Fort Berthold
19320,Lyndhurst
19337,Falkville
19343,Byram Township
19345,Forreston
19349,Spring Lake
19357,Pájaro
19365,Beech Grove
19383,Kokomo
19385,Hutchins
19392,Hungry Horse
19402,Fort Totten
19405,Asbury Park
19407,Clanton
19416,Homedale
19420,Ronda
19424,Pellston
19433,Friant
19436,Malone
19443,Northville
19448,Wolf Creek
19452,Adger
19453,Meadow Bridge
19472,Hawaiian Gardens
19474,Lacey Township
19479,Bath
19487,Sugar Creek
19492,Missouri City
19494,Stonewall
19495,Crumpler
19498,Holiday Lakes
19502,Boulder Creek
19503,Parowan
19512,Watchung
19514,Vassalboro
19520,River Forest
19528,Dunsmuir
19531,Mascotte
19533,Southington
19536,Heflin
19567,Winnie
19569,Streetsboro
19571,Jesup
19572,White
19576,St Clair Shores
19581,Meadow Vista
19586,Studio City
19587,Brinson
19588,Pinnacle
19589,Yutan
19591,Wisner
19601,Shelby Charter Township
19618,Mt Shasta
19632,Powhatan
19640,Kahului
19672,Pittston
19679,Los Molinos
19687,Widener
19692,Bolton
19693,Hidalgo
19694,Irwindale
19697,Inyokern
19699,Shady Point
19710,Bloomfield Hills
19712,St Louis
19713,Hunters
19718,Grapeview
19719,North East
19722,Byng
19723,Cohasset
19731,Brick
19732,Arab
19733,Archdale
19737,Thonotosassa
19750,Iberia
19755,Mt. Vernon
19767,Dillsburg
19776,Merrimack
19779,Springtown
19780,Weitchpec
19781,French Lick
19783,Girardville
19793,Bernalillo
19816,Justin
19817,Aledo
19825,Pond Creek
19827,Wellman
19828,St Croix
19830,Eddyville
19840,Chalmette
19845,Lead
19850,Brodhead
19852,Cumberland Furnace
19853,St. Stephens
19857,Harrisonburg
19864,Sand City
19868,Auburndale
19871,Barberville
19872,Niceville
19874,Haywood
19879,Troutdale
19884,Blairsville
19896,Wilhoit
19902,Lovington
19903,Ponder
19905,Rossville
19906,Cunningham
19909,Rockport
19926,Hurst
19927,Woodbridge Township
19930,Monterey
19931,Hugo
19936,Aguanga
19941,Pinon Hills
19942,Lisle
19944,Old Saybrook
19950,Revere
19957,Evergreen
19962,Avella
19963,Bechtelsville
19971,Kirkland
19990,Truth or Consequences
19991,Wakarusa
20001,Pine Top
20004,Cambria
20007,Salix
20008,Casselberry
20011,Talking Rock
20016,New Paltz
20028,Smithville
20029,Hohenwald
20033,Fort Gibson
20035,Burkesville
20063,Hominy
20065,Lakeshire
20071,Wadesboro
20088,Dillon
20111,Crockett
20112,Selawik Village
20116,Little Egg Harbor Township
20123,Opa-locka
20132,Palmetto
20144,Fort Stockton
20152,Lampe
20153,Seagoville
20156,Stewartsville
20160,Wink
20164,Dunnigan
20165,Mahopac
20170,Von Ormy
20175,Beacon Hill
20180,Hughson
20186,Superior Charter Township
20188,Laramie
20200,Sportsmen Acres
20214,Healdton
20218,East Stroudsburg
20232,Mt Hope
20252,Linthicum Heights
20266,St Martinville
20267,Smartsville
20269,Waymart
20279,Pride
20296,Culbertson
20298,Santa Nella Village
20299,Rawlins
20310,Ragley
20319,Niobrara
20323,Carrizozo
20343,Cle Elum
20348,Peotone
20356,Belle Glade
20357,Petroleum
20361,Aransas
20378,Port Barre
20379,Meridianville
20392,Hespera
20403,Mountain Pine
20405,Alvarado
20414,Phenix
20427,Immokalee
20456,Uvalde
20469,Windom
20477,Barrow
20480,Kemp
20481,Maiden
20482,Canyon Country
20484,Cordele
20494,Beckville
20496,Arvonia
20501,Jal
20503,Donna
20518,Powdersville
20519,Cave City
20538,Fairborn
20548,Chadron
20549,East Troy
20550,Bailey
20557,Hesston
20558,Silver Springs
20562,Belfair
20569,Floresville
20587,Mount Ida
20588,Stevinson
20611,Colorado City
20616,Rosalia
20624,Birch Run
20636,Willow Park
20638,Lilesville
20649,Burnsville
20653,Byron
20664,Russiaville
20665,Fort Littleton
20671,Spencerville
20672,Palmetto Bay
20678,Okaloosa Island
20686,Braintree
20692,Grundy
20694,Waukee
20702,Splendora
20710,Fleming Township
20734,Notasulga
20739,West Springfield
20741,Rochelle
20745,Manatee
20760,Rotterdam
20768,Watkins
20771,Noma
20781,Silverhill
20782,Cache
20794,Greenbelt
20807,Silver City
20809,Berne
20811,Antigo
20818,Captain Cook
20834,Wood Village
20859,Lincoln Township
20860,Arden Arcade
20867,Presque Isle
20868,Cromwell
20872,Fort McCoy
20878,Kennedale
20884,Grafton
20889,Bear Creek Township
20895,Osteen
20905,Montague
20908,West Sullivan
20915,Fisty
20939,Solvang
20940,Sneads
20941,Washington Park
20944,Socorro
20951,Eastaboga
20958,Stoneville
20970,Newnan
20979,Pine Ridge
20981,Crane
20993,Orland
21001,Somerton
21002,Ishpeming
21017,Eagle Mountain
21022,Tiverton
21030,Pembine
21034,Montpelier
21050,Peterborough
21059,Bellville
21060,Manzano
21084,Clarklake
21087,Laguna Pueblo
21090,Frederica
21099,Flat Lick
21106,Guffey
21108,Ponca City
21112,Landrum
21130,Scurry
21136,Falcon Heights
21139,Raymond
21140,Carlstadt
21148,Orion Township
21159,East St Louis
21164,Kaplan
21172,Peachland
21173,Millen
21185,Port Vincent
21192,Keaau
21194,Buckhannon
21195,Naugatuck
21207,Lake Odessa
21211,Walland
21215,Pine River
21224,Estill Springs
21233,Golden Meadow
21244,Manchester Township
21254,Hammett
21276,Central Point
21277,Wilkesboro
21280,Little Mountain
21289,Mt. Sterling
21292,Harlan
21301,Napoleon
21311,Counce
21330,McKinleyville
21333,Greenbrae
21354,Myra
21364,Calumet Park
21367,Kuna
21376,Eagan
21384,Harker Heights
21394,Blue Grass
21398,Round Lake
21399,Port Clinton
21401,Brookport
21403,East Wenatchee
21411,Ennis
21423,Chevak
21424,Moss Bluff
21434,Montcalm
21451,Winooski
21457,St Cloud
21458,Rutherfordton
21463,Hawkins
21469,Ledyard
21470,Talbot's Corner
21475,Wyandotte
21479,Dairyville
21485,Brooklandville
21504,Kiln
21509,Groveton
21512,Ventnor
21513,Rector
21515,Markham
21524,Hessel
21538,Gatesville
21540,Wetumka
21550,Dunbar
21563,Blanchard
21583,Willoughby
21590,Sterrett
21593,Lake Panasoffkee
21597,Lanesboro
21605,Collins
21610,Dewy Rose
21617,North Royalton
21619,Livermore Falls
21622,Van Horn
21628,Torrence
21630,Brookville
21641,Montgomery City
21649,Okemah
21653,Clendenin
21657,Sissonville
21661,Hensley
21666,South Holland
21672,Ashtabula
21679,Fuquay-Varina
21680,Paradox
21685,Sahuarita
21689,Ladson
21706,Tickfaw
21710,Ludowici
21711,Lakeville
21729,Shenandoah
21740,North Versailles
21782,Bradshaw
21785,American Fork
21792,Fruitland Park
21808,Bardstown
21820,Culloden
21830,Badin
21833,Round Lake Beach
21843,Scipio
21844,Cantonment
21849,Granite Falls
21853,Stonewood
21855,Knox
21858,Burns Flat
21861,Coalinga
21869,Trona
21871,Lake Wales
21877,Desha
21881,North Riverside
21883,Campbellton
21888,Land O Lakes
21889,Chestertown
21893,Luck
21912,Gilmer
21916,English
21920,Yorkville
21921,Sewanee
21923,Tama
21925,Deerfield
21926,Sharon
21931,Fairland
21943,Reagan
21954,Onamia
21956,Rachel
21958,Laie
21966,Moraine
21976,New Concord
21978,Herndon
21979,Sharpsburg
21985,Emmett
21991,Belcourt
22003,Fritch
22004,Woodford
22008,Springhill
22017,Larimer
22029,Brooklet
22030,Oakfield Township
22041,Camp Verde
22046,Millston
22051,Groveport
22057,Mcallen
22062,Elloree
22065,Edwardsburg
22072,Kiowa
22089,Olympic Valley
22090,Miami Shores
22095,Crandall
22096,Panhandle
22125,Anadarko
22150,Topock
22168,Douglas City
22177,Efland
22178,Waukomis
22179,Bull Shoals
22195,Lake Alfred
22236,Fountain Inn
22242,Ladera Heights
22243,Strongsville
22244,Ash
22247,Haverstraw
22269,Cedar Point
22282,Saint Paul
22307,Denison
22339,Mathiston
22342,Francesville
22345,Manistee
22348,Forest Lake
22352,Port Charlotte
22354,Lawrenceburg
22355,Byars
22357,Ector
22360,Cranbury
22392,Berwick
22411,"Gold Canyon, AZ"
22417,Udall
22423,Suffield
22424,Mandan
22429,Orwell
22432,Batavia
22436,Brandywine
22450,West Linn
22460,Stewartstown
22475,Lewistown
22481,Bear
22489,Pāpa'Aloa
22494,Haworth
22497,Lewiston
22525,Estes Park
22527,Chickamauga
22538,Sunland
22559,Robertsdale
22589,Del Mar
22593,Maybrook
22604,Gallitzin
22607,Lemon Grove
22619,Mountain Home
22631,West Milwaukee
22639,Belfast
22649,Arundel
22651,Gerrardstown
22653,Centennial
22662,Petal
22671,Haverhill
22678,Shiner
22684,Sutton
22692,Orrington
22694,Sawmills
22711,Barbourville
22716,Stony Point
22744,Manhasset
22751,Lehigh
22757,Millerton
22762,Mebane
22771,Coopersburg
22775,Cave Creek
22776,Kouts
22777,Rowe
22781,Birchfield
22806,McCleary
22816,Fishers
22823,Pleasant View
22824,Chanute
22830,Fults
22847,Deepstep
22851,Hingham
22854,Benson
22873,Valencia
22875,Johnson Creek
22881,Lake View
22884,Grover Beach
22894,Wise
22900,St. Matthews
22909,West Union
22919,Tallapoosa
22947,Avenal
22949,Wellsville
22953,Grand Terrace
22954,Chowchilla
22960,Belleview
22965,Melba
22974,Oregon House
22984,Coushatta
22987,Cuba
22992,Marine City
22994,Spanish Springs
22995,Clarendon
22997,Kress
23001,New Straitsville
23004,Bon Aqua
23048,Birch River
23051,Luverne
23057,Conestoga
23061,Fairchance
23067,Yellville
23074,Pardeeville
23075,Steubenville
23103,Guymon
23107,Kettering
23108,New Milford
23109,Blooming Prairie
23111,Moundridge
23123,Fort Myers Beach
23125,Pittsfield
23126,Poultney
23127,Mount Hope
23157,Mason City
23159,Monett
23165,Youngtown
23172,West Valinda
23175,Mohrsville
23176,Ritzville
23181,Frametown
23182,Maple Heights
23188,Haymarket
23194,West Milford
23203,Bernice
23204,Spirit Lake
23213,Lane
23222,Long Branch
23224,Maumelle
23227,Inwood
23238,Coolin
23272,Smiths Grove
23284,Canandaigua
23288,Leeds
23295,Duarte
23347,Shaler
23348,Mansura
23351,Muldrow
23370,Fort Yates
23373,Nanticoke
23378,Horseheads
23381,Indiantown
23383,Grand Ronde
23385,Black River Falls
23399,Pippa Passes
23409,Batesville
23410,Kinder
23438,Flatwoods
23449,Ralston
23450,Crystal
23453,Pearl River
23454,Dakota City
23471,Cinnaminson
23474,Brazoria
23478,Chiefland
23479,Hedgesville
23487,Fort Hunt
23490,Woodburn
23497,Springfield Township
23505,Falcon
23511,Wimberley
23514,Penasco
23515,Brooklyn Heights
23516,West Plains
23517,Fairacres
23529,Tieton
23541,Hartsdale
23550,Margate
23563,Coral Springs
23573,Rose Bud
23588,Boron
23592,Wynne
23600,Valley Head
23605,Tabernacle
23612,The Colony
23613,Mulberry
23618,Schertz
23629,Saegertown
23632,Canaan
23637,Weslaco
23642,South Fulton
23664,Crowell
23667,Jayess
23669,Romance
23677,Camp Wood
23689,Keizer
23699,Sedona
23710,Scottsbluff
23715,Zavalla
23722,Spring Creek
23738,El Sereno
23746,Youngwood
23749,Gooding
23795,Decherd
23804,Little Orleans
23808,Walton
23809,Iron Station
23813,Diberville
23816,Nanty-Glo
23824,Tecumseh
23837,Piketon
23839,East Helena
23844,Winters
23850,South Glastonbury
23853,Nice
23862,Laguna Woods
23866,Brookland
23870,Grant-Valkaria
23905,Winter Springs
23906,Montezuma Creek
23907,Raymore
23910,Cocoa Beach
23915,Hernando
23930,Fort Washington
23951,Tiro
23952,Wamego
23953,Mercer
23983,Centerview
23984,Elkins Park
23994,North Manchester
24005,Pilot Station
24019,Holdenville
24022,Oak Lawn
24023,Fort Sumner
24029,Great Neck
24034,West Fargo
24041,Parmelee
24063,Taylorville
24065,Great Mills
24068,Timberlake
24079,Mannford
24083,Glenrock
24086,Bogalusa
24096,Nikolaevsk
24105,Mooresboro
24110,Gulf Breeze
24128,Dentsville
24129,Hartfield
24141,New Llano
24158,Molena
24168,Indian Head
24175,Volant
24176,Reynoldsville
24181,Shelocta
24186,Barron
24195,Oaks
24200,Feeding Hills
24203,Grantville
24206,Osseo
24207,Alaska Township
24211,Corfu
24214,Port Huron
24216,Lake Elmo
24224,Welby
24235,Lodge Grass
24236,Berrien Springs
24258,Foresthill
24259,Mackinaw
24264,Seligman
24266,West Olive
24272,Urania
24291,Moorland
24302,Box Elder
24307,Sandia
24310,Oakfield
24334,Hackett
24339,Glade Spring
24343,Newbury
24355,Granton
24356,Talihina
24371,Wales
24378,Martins Ferry
24380,St. Peters
24393,Statham
24396,West Melbourne
24400,McGrath
24410,Citra
24414,Stagecoach
24417,Glenns Ferry
24423,Everton
24430,Riverbank
24431,Cottonwood Heights
24449,Pocasset
24450,Mecca
24457,Lomita
24464,Merrick
24466,Mount Juliet
24469,Benton City
24479,Hardwick
24480,Deptford
24496,Iowa
24519,Nokomis
24528,South Salt Lake
24530,Big Wells
24559,Larwill
24561,Haleiwa
24571,Valley Springs
24574,Keystone
24577,Prompton
24578,Cabool
24603,Clemson
24604,Beale AFB
24608,Panora
24621,Homosassa Springs
24623,South Elgin
24625,Yankton
24630,Devils Lake
24631,San Andreas
24638,Copper Center
24642,Amity
24644,Melvern
24653,Bernville
24667,Excelsior
24670,Dilley
24693,Pattison
24694,Fletcher
24707,Naalehu
24714,Wassaic
24736,Peyton
24749,Lakemoor
24756,Niles Charter Township
24763,Cotuit
24765,Pilot Point
24769,Luxora
24770,Creola
24774,Oxon Hill
24775,Hereford
24780,Saint Mary's
24787,Ottumwa
24788,Seville
24790,Trumann
24793,Basking Ridge
24824,Gardiner
24829,Libby
24844,Richton Park
24846,Painesville
24869,Owosso
24870,Denair
24883,San Juan Capistrano
24886,Eastman
24898,Festus
24900,Enoree
24901,Lincklaen
24905,Closter
24920,Port Allegany
24925,Perrysburg
24927,Narrows
24929,Breitung Twp
24936,Kekaha
24938,Madison Township
24939,Peninsula
24957,Clarksburg
24958,Cheney
24965,North Knobs
24968,Chouteau Township
24976,Woodside
24988,Stanwood
24998,St. Albans City
25023,Walla Walla
25026,Manitowoc
25028,Garden Plain
25031,Hopkinsville
25037,Nichols
25038,Renfrew
25068,Stanfordville
25070,Marston
25076,White City
25079,Johns Island
25086,Epping
25099,Millbrae
25104,Scarbro
25107,Chiloquin
25108,Chinle
25109,Concord Township
25115,Lawtey
25120,Okarche
25145,Youngsville
25158,Kearns
25173,McBee
25185,Salmon Creek
25186,Martha Lake
25207,Vincennes Township
25220,Bandon
25225,St. Clair Shores
25231,West Baden Springs
25235,Charleston View
25242,Cobleskill
25257,Mantoloking
25262,Hayneville
25266,Fort Chiswell
25271,Greenwood Village
25274,Demopolis
25279,Weldon Spring
25302,Crested Butte
25312,Valley Grande
25324,Virginia
25339,Boulevard
25343,New Underwood
25344,Rainier
25372,Arvin
25375,Pacheco
25376,Mcdonough
25378,Bluewater Village
25379,Hachita
25385,West Wendover (Wendover)
25390,Palatine
25395,Commercial Point
25400,Rangely
25405,Atkins
25429,Wishek
25439,San Luis
25441,Apple Creek
25442,Two Rivers
25449,Lehighton
25458,Valrico
25471,Stone Ridge
25474,Wailuku
25491,Frostburg
25496,Tullahoma
25500,Beatty
25509,Waterville
25519,Alleghany
25520,Shallotte
25534,Albert Lea
25535,Southold
25564,Gardendale
25567,Leadwood
25572,Reddies River
25575,Eclectic
25586,Lake Magdalene
25588,Indian Village
25589,Sunman
25603,Swedesboro
25622,Fort Lupton
25623,Sperry
25628,Caney
25635,Breckenridge Hills
25643,Prosser
25648,Naschitti
25657,Century
25670,Mercury
25673,Richvale
25699,La Salle
25726,Lake View Terrace
25731,Crestwood
25734,Defiance
25735,Cinco Ranch
25739,Shoal Creek Township
25744,Apex
25745,Menallen Township
25746,Hubbard
25782,Maple Grove
25794,Sawyer
25804,Huger
25805,Townsend
25806,Miltona
25809,Struthers
25822,Mount Holly
25824,Sebewaing
25826,Gouldsboro
25827,Glenoma
25844,Hazel Dell South
25851,Joelton
25860,Isle
25861,Cofield
25872,Waleska
25873,New Florence
25879,Canfield
25896,Glen Carbon
25910,Kittitas
25912,Flat Creek B Township
25936,Thurmont
25944,Burnet
25950,Morton
25965,Rivanna
26003,Glendale Heights
26007,North Sacramento
26008,Santa Teresa
26017,New Lisbon
26022,Mexico Beach
26028,Canutillo
26040,Kalama
26044,Rushville
26055,Montesano
26056,Coon Rapids
26082,Hebbardsville
26083,Owingsville
26095,Havre North
26096,Hemphill
26103,Welcome
26109,Port Aransas
26116,Hiltons
26124,Vanzant
26131,Angel Fire
26134,Islip Terrace
26150,Sorrento
26154,Pennsboro
26155,Wytheville
26159,Tunbridge
26161,Parks
26163,New Virginia
26174,Jeffersontown
26178,Murchison
26188,New Boston
26197,Medina
26205,Blackwell
26209,Vicco
26210,Golden Hills
26221,Carriere
26253,Davidsonville
26261,Baltimore Township
26263,Collierville
26265,Ardsley
26267,Philadelphus
26276,Robstown
26289,Willowbrook
26292,Malo
26294,Battleboro
26309,Bonnyman
26316,Poteau
26317,Arpin
26320,Como
26330,Toppenish
26332,Canal Fulton
26356,Friendly Hills
26375,Sugarcreek
26376,Timberville
26386,Center Township
26392,Linwood
26396,Bacliff
26428,Bordentown
26435,Ruskin
26437,Mountain Grove
26443,Rosedale
26450,Port Royal
26458,Clay City
26467,Southern Shops
26473,Bellefontaine Neighbors
26479,City of Orange
26490,Ooltewah
26491,Porterdale
26498,Fosters
26521,Pemberton
26524,Ranburne
26525,Wesson
26534,Whitefish
26544,Novi
26545,Lock Haven
26550,Gibbon
26551,Roaring Spring
26575,Westwood
26580,Weare
26584,Sutter
26594,Safety Harbor
26599,Bunkie
26602,Hanceville
26604,Rifle
26609,Edray
26611,Whitakers
26613,Glenshaw
26633,Delmont
26639,Chetopa
26644,Ramseur
26652,Bruneau
26660,Springville
26662,Brule
26668,Baden
26669,Loup City
26672,Nicholasville
26673,Cleburne
26675,North Aurora
26681,Glennville
26686,Longmeadow
26690,Eddy
26691,Mayfield
26694,Leasburg
26711,Gordo
26713,La Verne
26714,Owatonna
26719,Tolleson
26745,Kaukauna
26746,Convoy
26768,West Lafayette
26769,Etoile
26778,Gulf Shores
26791,Resaca
26801,Loyal
26831,Soddy-Daisy
26833,Shannon
26841,Odd
26844,Hahira
26856,Richlands
26888,Drennen
26902,Newman Lake
26905,Herald
26922,Deer Island
26926,Elma
26944,Ethel
26950,Wendell
26960,Oakridge
26965,Fayette
26972,Warfield
26973,Story City
26985,Burke
26987,Tillmans Corner
27004,Grove
27005,Niota
27011,Boyne Falls
27032,Ona
27035,Bascom
27036,Pearson
27040,Union Park
27054,Penfield
27057,Sunland Park
27063,La Monte
27069,Spiceland
27075,Ceresco
27083,Pensacola Beach
27087,Cedar City
27096,Saylorsburg
27106,Westborough
27120,Kewaunee
27124,Dahlonega
27127,El Mirage
27134,Caledonia
27137,Enumclaw
27144,Porter Township
27153,South West Township
27158,Lewes
27167,Warrior Run
27205,Shelburn
27206,Arietta
27208,Elkland
27217,Justice
27220,New Cordell
27246,Pierce
27259,Longboat Key
27261,Thibodaux
27269,Umatilla
27304,Limerick
27329,Blue Mountain
27330,Cross Lanes
27336,Mundelein
27346,St. John
27347,Ansonia
27350,Golden Glades
27356,Elkmont
27363,Kailua
27387,Town and Country
27401,Oneonta
27405,Upton
27409,West Burlington
27412,The Villages
27423,Yerington
27425,Westview
27430,West Jefferson
27436,Center Moriches
27442,Redwood Valley
27443,Matawan
27467,Lakes
27478,Coden
27491,Marlow Heights
27496,Dorton
27501,Hockingport
27503,Lovejoy
27507,Kasilof
27510,Kansas CIty
27511,Deposit
27524,Minot
27529,Igo
27530,Home Garden
27536,Palm City
27542,Chestnut Hill
27558,Big Cypress
27571,Camillus
27584,Shreveport 
27587,Jasmine Estates
27591,Tonawanda
27595,Byfield
27598,Corydon
27599,Poinciana
27622,Doylestown
27635,Pangburn
27648,Dalzell
27650,Brea
27651,San Antonio Heights
27664,Clarkdale
27676,Mocksville
27687,Keithville
27692,Post Falls
27704,Slocomb
27717,Bragg City
27725,Backus
27729,Oviedo
27735,Anchor Point
27737,Los Alamitos
27738,Camas
27749,Lecompton
27754,Ranchos De Taos
27759,Chase City
27763,Myerstown
27764,Naranja
27767,Webster City
27777,Iota
27778,Port Jervis
27779,Matthews
27784,Cuthbert
27787,Courtland
27804,Clemmons
27818,Turner
27830,Northway
27835,Wheatland
27840,Swartz
27854,Nutter Fort
27867,La Grande
27873,Refugio 
27885,Seekonk
27895,Oatfield
27900,Tome
27904,Monte Alto
27912,Hubert
27921,Philipsburg
27934,Highland Heights
27935,Gamaliel
27940,Rowlett
27978,Colonia
27987,Ripperdan
27989,Columbia City
27992,Boons Camp
27996,Willmar
28008,Oakland City
28011,Crenshaw
28015,Croton-on-Hudson
28016,Linville
28019,Hillrose
28034,Webster Groves
28037,Bellows Falls
28046,Brown Deer
28061,Claxton
28062,Orchard Mesa
28066,Calypso 
28068,Norwood Manor
28078,Plainedge
28080,Chalfont
28081,Raleigh 
28083,Central Pennington
28084,Fort McKavett
28086,Union Township
28099,Braeburn
28111,Suring
28114,Sale Creek
28120,Chunchula
28126,Viera
28140,Bass River
28141,Fonde
28143,Prole
28145,Kila
28146,Wellston
28153,Berkley
28162,Manlius
28163,Avalon Park
28171,Geneseo
28174,Wilburton
28175,Colchester
28188,Sienna Plantation
28190,Temple Terrace
28198,Black Oak
28202,Gilmanton
28214,Hermitage
28226,Manheim Township
28228,Hanover Park
28242,Clarkrange
28252,East Northport
28260,Bigfork
28264,Weippe
28272,Dowelltown
28279,Fowler
28288,Beach Park
28290,Lake Wylie
28291,Kennard
28292,Lovelock
28303,Grove Hill
28306,Sodus
28309,Milpitas
28311,Portia
28323,Waite Park
28377,Welches
28396,Smithfield Township
28397,Cornwall
28402,West Peculiar Township
28414,Owyhee
28417,Forksville
28418,Reston
28435,Mendota Heights
28438,Bothel
28445,Morris Township
28448,West Siloam Springs
28449,Collingdale
28454,Benjamin
28460,Cimarron
28481,Progress
28484,Roxboro
28490,The Village
28512,Coral
28520,Fairmount
28528,Stanley
28550,Ashton
28555,Ventnor City
28566,Sylvania
28568,St. Croix Falls
28572,Huntingtown
28588,Gantt
28593,Hazel Dell
28594,Moreland
28608,Dos Palos
28609,Theta
28614,Avon Park
